id,external_id,steps,submission_time,updated_at
7448710,11063,44,2026-08-26T02:00:00.000+0200,2026-08-26T04:30:02.939+0200
7448709,11063,98,2026-08-25T02:00:00.000+0200,2026-08-26T04:30:02.921+0200
7448457,11063,664,2026-08-25T02:00:00.000+0200,2026-08-26T00:00:01.954+0200
7448380,269286,2176,2026-08-25T23:12:05.000+0200,2026-08-25T23:14:15.191+0200
7447901,11063,842,2026-08-25T02:00:00.000+0200,2026-08-25T22:00:01.816+0200
7447112,11063,2780,2026-08-25T02:00:00.000+0200,2026-08-25T20:00:02.011+0200
7446371,11063,1628,2026-08-25T02:00:00.000+0200,2026-08-25T18:00:06.168+0200
7445804,11063,2516,2026-08-25T02:00:00.000+0200,2026-08-25T16:00:01.710+0200
7445111,11063,3338,2026-08-25T02:00:00.000+0200,2026-08-25T12:30:01.974+0200
7444726,423067,4983,2026-08-23T02:00:00.000+0200,2026-08-25T08:54:22.153+0200
7444725,423067,6137,2026-08-24T02:00:00.000+0200,2026-08-25T08:54:22.123+0200
7444724,423067,3995,2026-08-21T02:00:00.000+0200,2026-08-25T08:54:22.109+0200
7444722,423067,3430,2026-08-20T02:00:00.000+0200,2026-08-25T08:54:22.104+0200
7444723,423067,8910,2026-08-22T02:00:00.000+0200,2026-08-25T08:54:22.104+0200
7444721,423067,5703,2026-08-18T02:00:00.000+0200,2026-08-25T08:54:22.098+0200
7444720,423067,8332,2026-08-19T02:00:00.000+0200,2026-08-25T08:54:22.096+0200
7444248,11063,16,2026-08-25T02:00:00.000+0200,2026-08-25T08:00:01.770+0200
7443878,11063,16,2026-08-25T02:00:00.000+0200,2026-08-25T06:00:01.793+0200
7443635,11063,158,2026-08-25T02:00:00.000+0200,2026-08-25T04:30:04.435+0200
7443633,11063,98,2026-08-24T02:00:00.000+0200,2026-08-25T04:30:04.207+0200
7443379,11063,114,2026-08-24T02:00:00.000+0200,2026-08-25T00:00:02.351+0200
7443289,269286,6309,2026-08-24T23:01:17.000+0200,2026-08-24T23:01:30.619+0200
7442809,11063,136,2026-08-24T02:00:00.000+0200,2026-08-24T22:00:01.783+0200
7442010,11063,942,2026-08-24T02:00:00.000+0200,2026-08-24T20:00:01.881+0200
7441302,11063,2152,2026-08-24T02:00:00.000+0200,2026-08-24T18:00:02.874+0200
7440609,11063,4521,2026-08-24T02:00:00.000+0200,2026-08-24T16:00:01.804+0200
7439914,11063,4067,2026-08-24T02:00:00.000+0200,2026-08-24T12:30:01.954+0200
7439114,11063,1478,2026-08-24T02:00:00.000+0200,2026-08-24T08:00:02.114+0200
7438758,11063,20,2026-08-24T02:00:00.000+0200,2026-08-24T06:00:02.047+0200
7438500,11063,80,2026-08-24T02:00:00.000+0200,2026-08-24T04:30:05.089+0200
7438499,11063,56,2026-08-23T02:00:00.000+0200,2026-08-24T04:30:05.064+0200
7438437,269286,904,2026-08-23T12:16:00.000+0200,2026-08-24T00:17:25.315+0200
7438435,269286,1218,2026-08-23T12:12:00.000+0200,2026-08-24T00:12:59.227+0200
7438228,11063,114,2026-08-23T02:00:00.000+0200,2026-08-24T00:00:02.074+0200
7437704,11063,958,2026-08-23T02:00:00.000+0200,2026-08-23T22:00:01.847+0200
7436921,11063,436,2026-08-23T02:00:00.000+0200,2026-08-23T20:00:01.859+0200
7436186,11063,2464,2026-08-23T02:00:00.000+0200,2026-08-23T18:00:02.287+0200
7435513,11063,3439,2026-08-23T02:00:00.000+0200,2026-08-23T16:00:01.978+0200
7434702,11063,3891,2026-08-23T02:00:00.000+0200,2026-08-23T12:30:02.830+0200
7433836,11063,1764,2026-08-23T02:00:00.000+0200,2026-08-23T08:00:01.948+0200
7433619,11063,2,2026-08-23T02:00:00.000+0200,2026-08-23T06:00:01.947+0200
7433341,11063,130,2026-08-23T02:00:00.000+0200,2026-08-23T04:30:07.687+0200
7433340,11063,42,2026-08-22T02:00:00.000+0200,2026-08-23T04:30:07.659+0200
7433084,11063,82,2026-08-22T02:00:00.000+0200,2026-08-23T00:00:02.012+0200
7433053,269286,5109,2026-08-22T23:39:28.000+0200,2026-08-22T23:41:07.774+0200
7432473,11063,214,2026-08-22T02:00:00.000+0200,2026-08-22T22:00:01.731+0200
7431619,11063,1498,2026-08-22T02:00:00.000+0200,2026-08-22T20:00:01.756+0200
7430973,11063,1064,2026-08-22T02:00:00.000+0200,2026-08-22T18:00:02.791+0200
7430301,11063,4212,2026-08-22T02:00:00.000+0200,2026-08-22T16:00:02.036+0200
7429493,11063,4592,2026-08-22T02:00:00.000+0200,2026-08-22T12:30:02.246+0200
7428587,11063,1614,2026-08-22T02:00:00.000+0200,2026-08-22T08:00:01.894+0200
7428077,11063,42,2026-08-22T02:00:00.000+0200,2026-08-22T04:30:03.023+0200
7428076,11063,80,2026-08-21T02:00:00.000+0200,2026-08-22T04:30:02.997+0200
7427815,11063,232,2026-08-21T02:00:00.000+0200,2026-08-22T00:00:02.013+0200
7427741,269286,989,2026-08-21T23:15:43.000+0200,2026-08-21T23:17:10.797+0200
7427201,11063,1990,2026-08-21T02:00:00.000+0200,2026-08-21T22:00:01.932+0200
7426313,11063,1042,2026-08-21T02:00:00.000+0200,2026-08-21T20:00:02.007+0200
7425684,11063,1158,2026-08-21T02:00:00.000+0200,2026-08-21T18:00:02.037+0200
7424971,11063,1780,2026-08-21T02:00:00.000+0200,2026-08-21T16:00:01.853+0200
7424057,11063,807,2026-08-21T02:00:00.000+0200,2026-08-21T12:30:01.791+0200
7423247,11063,18,2026-08-21T02:00:00.000+0200,2026-08-21T08:00:01.954+0200
7423134,11063,2,2026-08-21T02:00:00.000+0200,2026-08-21T06:00:01.998+0200
7422836,11063,196,2026-08-20T02:00:00.000+0200,2026-08-21T04:30:02.134+0200
7422514,11063,436,2026-08-20T02:00:00.000+0200,2026-08-21T00:00:01.816+0200
7422399,269286,3734,2026-08-20T22:59:19.000+0200,2026-08-20T23:00:32.863+0200
7421902,11063,332,2026-08-20T02:00:00.000+0200,2026-08-20T22:00:01.969+0200
7421255,11063,1100,2026-08-20T02:00:00.000+0200,2026-08-20T20:00:01.984+0200
7420681,11063,2194,2026-08-20T02:00:00.000+0200,2026-08-20T18:00:02.167+0200
7420040,11063,3222,2026-08-20T02:00:00.000+0200,2026-08-20T16:00:01.755+0200
7419144,11063,4146,2026-08-20T02:00:00.000+0200,2026-08-20T12:30:02.134+0200
7418400,11063,22,2026-08-20T02:00:00.000+0200,2026-08-20T08:00:01.963+0200
7418031,11063,54,2026-08-20T02:00:00.000+0200,2026-08-20T04:30:03.177+0200
7417738,11063,614,2026-08-19T02:00:00.000+0200,2026-08-20T00:00:01.912+0200
7417724,269286,1945,2026-08-19T23:49:05.000+0200,2026-08-19T23:50:50.541+0200
7417138,11063,174,2026-08-19T02:00:00.000+0200,2026-08-19T22:00:01.983+0200
7416423,11063,130,2026-08-19T02:00:00.000+0200,2026-08-19T20:00:01.930+0200
7415909,11063,1286,2026-08-19T02:00:00.000+0200,2026-08-19T18:00:02.059+0200
7415214,11063,4181,2026-08-19T02:00:00.000+0200,2026-08-19T16:00:02.395+0200
7414353,11063,3920,2026-08-19T02:00:00.000+0200,2026-08-19T12:30:01.994+0200
7413525,11063,1504,2026-08-19T02:00:00.000+0200,2026-08-19T08:00:02.240+0200
7412944,11063,126,2026-08-18T02:00:00.000+0200,2026-08-19T04:30:03.126+0200
7412594,11063,430,2026-08-18T02:00:00.000+0200,2026-08-19T00:00:02.127+0200
7412549,269286,7093,2026-08-18T23:37:48.000+0200,2026-08-18T23:38:10.626+0200
7411823,11063,1200,2026-08-18T02:00:00.000+0200,2026-08-18T22:00:01.989+0200
7410743,11063,1990,2026-08-18T02:00:00.000+0200,2026-08-18T20:00:01.825+0200
7409942,11063,2861,2026-08-18T02:00:00.000+0200,2026-08-18T18:00:02.202+0200
7409019,11063,2564,2026-08-18T02:00:00.000+0200,2026-08-18T16:00:02.018+0200
7407988,11063,5701,2026-08-18T02:00:00.000+0200,2026-08-18T12:30:02.616+0200
7406981,11063,26,2026-08-18T02:00:00.000+0200,2026-08-18T08:00:02.619+0200
7406274,11063,144,2026-08-18T02:00:00.000+0200,2026-08-18T04:30:02.927+0200
7406273,11063,68,2026-08-17T02:00:00.000+0200,2026-08-18T04:30:02.907+0200
7405834,11063,376,2026-08-17T02:00:00.000+0200,2026-08-18T00:00:02.074+0200
7405818,269286,3620,2026-08-17T23:40:16.000+0200,2026-08-17T23:42:19.955+0200
7404965,11063,1856,2026-08-17T02:00:00.000+0200,2026-08-17T22:00:01.757+0200
7403835,11063,866,2026-08-17T02:00:00.000+0200,2026-08-17T20:00:01.936+0200
7402856,11063,3520,2026-08-17T02:00:00.000+0200,2026-08-17T18:00:01.806+0200
7401880,11063,2600,2026-08-17T02:00:00.000+0200,2026-08-17T16:00:02.157+0200
7400722,11063,4316,2026-08-17T02:00:00.000+0200,2026-08-17T12:30:01.879+0200
7399713,11063,292,2026-08-17T02:00:00.000+0200,2026-08-17T08:00:01.819+0200
7399440,11063,18,2026-08-17T02:00:00.000+0200,2026-08-17T06:00:01.811+0200
7399108,11063,162,2026-08-17T02:00:00.000+0200,2026-08-17T04:30:01.788+0200
7399107,11063,36,2026-08-16T02:00:00.000+0200,2026-08-17T04:30:01.766+0200
7398680,11063,72,2026-08-16T02:00:00.000+0200,2026-08-17T00:00:01.581+0200
7398643,269286,2376,2026-08-16T23:23:24.000+0200,2026-08-16T23:23:40.794+0200
7397776,11063,306,2026-08-16T02:00:00.000+0200,2026-08-16T22:00:01.731+0200
7396656,11063,1494,2026-08-16T02:00:00.000+0200,2026-08-16T20:00:01.589+0200
7395702,11063,1714,2026-08-16T02:00:00.000+0200,2026-08-16T18:00:01.654+0200
7394669,11063,6187,2026-08-16T02:00:00.000+0200,2026-08-16T16:00:01.583+0200
7393514,11063,4252,2026-08-16T02:00:00.000+0200,2026-08-16T12:30:01.768+0200
7392436,11063,430,2026-08-16T02:00:00.000+0200,2026-08-16T08:00:01.624+0200
7391384,11063,172,2026-08-15T02:00:00.000+0200,2026-08-16T00:00:02.005+0200
7391345,269286,7234,2026-08-15T23:22:34.000+0200,2026-08-15T23:22:46.321+0200
7390541,11063,1068,2026-08-15T02:00:00.000+0200,2026-08-15T22:00:01.702+0200
7389479,11063,674,2026-08-15T02:00:00.000+0200,2026-08-15T20:00:02.235+0200
7388559,11063,2038,2026-08-15T02:00:00.000+0200,2026-08-15T18:00:02.384+0200
7387535,11063,4368,2026-08-15T02:00:00.000+0200,2026-08-15T16:00:01.812+0200
7386360,11063,8728,2026-08-15T02:00:00.000+0200,2026-08-15T12:30:02.063+0200
7385365,11063,1126,2026-08-15T02:00:00.000+0200,2026-08-15T08:00:01.930+0200
7384745,11063,16,2026-08-15T02:00:00.000+0200,2026-08-15T04:30:03.633+0200
7384744,11063,98,2026-08-14T02:00:00.000+0200,2026-08-15T04:30:03.612+0200
7384302,11063,98,2026-08-14T02:00:00.000+0200,2026-08-15T00:00:01.889+0200
7384274,269286,3113,2026-08-14T23:43:27.000+0200,2026-08-14T23:43:45.535+0200
7383438,11063,946,2026-08-14T02:00:00.000+0200,2026-08-14T22:00:01.676+0200
7380277,11063,668,2026-08-14T02:00:00.000+0200,2026-08-14T16:00:01.788+0200
7378949,11063,268,2026-08-14T02:00:00.000+0200,2026-08-14T12:30:05.807+0200
7377599,11063,2646,2026-08-14T02:00:00.000+0200,2026-08-14T04:30:02.810+0200
7377598,11063,862,2026-08-13T02:00:00.000+0200,2026-08-14T04:30:02.791+0200
7377075,11063,2442,2026-08-13T02:00:00.000+0200,2026-08-14T00:00:01.761+0200
7376986,269286,5469,2026-08-13T23:07:35.000+0200,2026-08-13T23:08:45.737+0200
7376224,11063,986,2026-08-13T02:00:00.000+0200,2026-08-13T22:00:01.692+0200
7375243,11063,3128,2026-08-13T02:00:00.000+0200,2026-08-13T20:00:01.861+0200
7374429,11063,264,2026-08-13T02:00:00.000+0200,2026-08-13T18:00:01.784+0200
7373463,11063,4371,2026-08-13T02:00:00.000+0200,2026-08-13T16:00:01.888+0200
7372234,11063,3760,2026-08-13T02:00:00.000+0200,2026-08-13T12:30:01.887+0200
7371545,11063,2148,2026-08-13T02:00:00.000+0200,2026-08-13T08:00:01.798+0200
7371401,11063,16,2026-08-13T02:00:00.000+0200,2026-08-13T06:00:01.906+0200
7371006,11063,170,2026-08-12T02:00:00.000+0200,2026-08-13T04:30:02.219+0200
7370472,11063,1622,2026-08-12T02:00:00.000+0200,2026-08-13T00:00:01.770+0200
7370402,269286,1929,2026-08-12T23:13:47.000+0200,2026-08-12T23:15:19.475+0200
7369552,11063,226,2026-08-12T02:00:00.000+0200,2026-08-12T22:00:01.853+0200
7368547,11063,792,2026-08-12T02:00:00.000+0200,2026-08-12T20:00:01.799+0200
7367734,11063,4309,2026-08-12T02:00:00.000+0200,2026-08-12T18:00:01.908+0200
7366701,11063,4632,2026-08-12T02:00:00.000+0200,2026-08-12T16:00:01.710+0200
7365535,11063,6084,2026-08-12T02:00:00.000+0200,2026-08-12T12:30:01.750+0200
7364508,11063,1500,2026-08-12T02:00:00.000+0200,2026-08-12T08:00:01.929+0200
7363896,11063,132,2026-08-12T02:00:00.000+0200,2026-08-12T04:30:01.901+0200
7363895,11063,48,2026-08-11T02:00:00.000+0200,2026-08-12T04:30:01.884+0200
7363419,11063,58,2026-08-11T02:00:00.000+0200,2026-08-12T00:00:01.858+0200
7363325,269286,1100,2026-08-11T22:49:20.000+0200,2026-08-11T22:49:31.634+0200
7363324,269286,200,2026-08-11T22:48:47.000+0200,2026-08-11T22:48:55.572+0200
7363323,269286,7146,2026-08-11T22:48:17.000+0200,2026-08-11T22:48:35.120+0200
7362496,11063,412,2026-08-11T02:00:00.000+0200,2026-08-11T22:00:01.905+0200
7361360,11063,2510,2026-08-11T02:00:00.000+0200,2026-08-11T20:00:02.059+0200
7360469,11063,2086,2026-08-11T02:00:00.000+0200,2026-08-11T18:00:01.722+0200
7359518,11063,3688,2026-08-11T02:00:00.000+0200,2026-08-11T16:00:02.362+0200
7358445,11063,4140,2026-08-11T02:00:00.000+0200,2026-08-11T12:30:01.995+0200
7356900,11063,94,2026-08-11T02:00:00.000+0200,2026-08-11T04:30:02.533+0200
7356899,11063,58,2026-08-10T02:00:00.000+0200,2026-08-11T04:30:02.516+0200
7356434,11063,850,2026-08-10T02:00:00.000+0200,2026-08-11T00:00:01.835+0200
7356433,269286,4204,2026-08-10T23:55:53.000+0200,2026-08-10T23:57:33.093+0200
7355555,11063,374,2026-08-10T02:00:00.000+0200,2026-08-10T22:00:01.707+0200
7354464,11063,1216,2026-08-10T02:00:00.000+0200,2026-08-10T20:00:01.896+0200
7353553,11063,2212,2026-08-10T02:00:00.000+0200,2026-08-10T18:00:01.765+0200
7352561,11063,3288,2026-08-10T02:00:00.000+0200,2026-08-10T16:00:02.065+0200
7351453,11063,8667,2026-08-10T02:00:00.000+0200,2026-08-10T12:30:01.739+0200
7350490,11063,432,2026-08-10T02:00:00.000+0200,2026-08-10T08:00:02.113+0200
7349916,11063,120,2026-08-09T02:00:00.000+0200,2026-08-10T04:30:02.168+0200
7349445,11063,278,2026-08-09T02:00:00.000+0200,2026-08-10T00:00:01.916+0200
7348588,11063,288,2026-08-09T02:00:00.000+0200,2026-08-09T22:00:01.706+0200
7347519,11063,70,2026-08-09T02:00:00.000+0200,2026-08-09T20:00:01.635+0200
7346536,11063,578,2026-08-09T02:00:00.000+0200,2026-08-09T18:00:01.632+0200
7345510,11063,2044,2026-08-09T02:00:00.000+0200,2026-08-09T16:00:02.203+0200
7344395,11063,5405,2026-08-09T02:00:00.000+0200,2026-08-09T12:30:01.786+0200
7343352,11063,136,2026-08-09T02:00:00.000+0200,2026-08-09T08:00:01.791+0200
7342693,11063,100,2026-08-08T02:00:00.000+0200,2026-08-09T04:30:02.514+0200
7342264,11063,396,2026-08-08T02:00:00.000+0200,2026-08-09T00:00:01.748+0200
7342242,269286,5556,2026-08-08T23:32:55.000+0200,2026-08-08T23:34:08.968+0200
7341383,11063,1688,2026-08-08T02:00:00.000+0200,2026-08-08T22:00:01.570+0200
7340247,11063,3052,2026-08-08T02:00:00.000+0200,2026-08-08T20:00:01.865+0200
7339348,11063,1744,2026-08-08T02:00:00.000+0200,2026-08-08T18:00:02.043+0200
7338351,11063,4302,2026-08-08T02:00:00.000+0200,2026-08-08T16:00:01.986+0200
7337149,11063,6830,2026-08-08T02:00:00.000+0200,2026-08-08T12:30:02.002+0200
7336145,11063,1842,2026-08-08T02:00:00.000+0200,2026-08-08T08:00:01.743+0200
7335868,11063,2,2026-08-08T02:00:00.000+0200,2026-08-08T06:00:01.898+0200
7335515,11063,48,2026-08-07T02:00:00.000+0200,2026-08-08T04:30:09.460+0200
7335060,11063,302,2026-08-07T02:00:00.000+0200,2026-08-08T00:00:01.947+0200
7335005,269286,2187,2026-08-07T23:06:22.000+0200,2026-08-07T23:09:42.508+0200
7334171,11063,768,2026-08-07T02:00:00.000+0200,2026-08-07T22:00:01.688+0200
7332991,11063,766,2026-08-07T02:00:00.000+0200,2026-08-07T20:00:01.732+0200
7331995,11063,430,2026-08-07T02:00:00.000+0200,2026-08-07T18:00:01.646+0200
7330888,11063,4954,2026-08-07T02:00:00.000+0200,2026-08-07T16:00:01.787+0200
7329579,11063,5106,2026-08-07T02:00:00.000+0200,2026-08-07T12:30:01.690+0200
7328618,11063,18,2026-08-07T02:00:00.000+0200,2026-08-07T06:00:01.857+0200
7328154,11063,6,2026-08-07T02:00:00.000+0200,2026-08-07T04:30:02.363+0200
7328153,11063,242,2026-08-06T02:00:00.000+0200,2026-08-07T04:30:02.345+0200
7327619,11063,370,2026-08-06T02:00:00.000+0200,2026-08-07T00:00:01.857+0200
7327617,269286,3756,2026-08-06T23:57:23.000+0200,2026-08-06T23:59:20.673+0200
7326734,11063,1170,2026-08-06T02:00:00.000+0200,2026-08-06T22:00:01.810+0200
7325733,11063,3670,2026-08-06T02:00:00.000+0200,2026-08-06T20:00:01.750+0200
7324894,11063,3214,2026-08-06T02:00:00.000+0200,2026-08-06T18:00:01.840+0200
7323973,11063,4884,2026-08-06T02:00:00.000+0200,2026-08-06T16:00:01.696+0200
7322793,11063,2,2026-08-06T02:00:00.000+0200,2026-08-06T12:30:01.862+0200
7322088,11063,116,2026-08-06T02:00:00.000+0200,2026-08-06T08:00:01.634+0200
7321525,11063,1970,2026-08-06T02:00:00.000+0200,2026-08-06T04:30:02.195+0200
7321524,11063,916,2026-08-05T02:00:00.000+0200,2026-08-06T04:30:02.179+0200
7321007,11063,4596,2026-08-05T02:00:00.000+0200,2026-08-06T00:00:02.100+0200
7320895,269286,5342,2026-08-05T22:48:26.000+0200,2026-08-05T22:51:01.768+0200
7320134,11063,472,2026-08-05T02:00:00.000+0200,2026-08-05T22:00:01.755+0200
7319071,11063,1438,2026-08-05T02:00:00.000+0200,2026-08-05T20:00:01.717+0200
7318251,11063,3428,2026-08-05T02:00:00.000+0200,2026-08-05T18:00:01.696+0200
7317228,11063,5758,2026-08-05T02:00:00.000+0200,2026-08-05T16:00:01.910+0200
7316046,11063,8303,2026-08-05T02:00:00.000+0200,2026-08-05T12:30:01.629+0200
7315098,11063,992,2026-08-05T02:00:00.000+0200,2026-08-05T08:00:01.647+0200
7314477,11063,176,2026-08-04T02:00:00.000+0200,2026-08-05T04:30:06.016+0200
7314018,11063,196,2026-08-04T02:00:00.000+0200,2026-08-05T00:00:01.774+0200
7313996,269286,732,2026-08-04T23:41:59.000+0200,2026-08-04T23:42:06.417+0200
7313945,269286,6629,2026-08-04T23:03:47.000+0200,2026-08-04T23:05:12.412+0200
7313088,11063,826,2026-08-04T02:00:00.000+0200,2026-08-04T22:00:01.666+0200
7312014,11063,4026,2026-08-04T02:00:00.000+0200,2026-08-04T20:00:01.852+0200
7311140,11063,2090,2026-08-04T02:00:00.000+0200,2026-08-04T18:00:02.007+0200
7310159,11063,4010,2026-08-04T02:00:00.000+0200,2026-08-04T16:00:01.717+0200
7309029,11063,2618,2026-08-04T02:00:00.000+0200,2026-08-04T12:30:01.710+0200
7307835,11063,26,2026-08-04T02:00:00.000+0200,2026-08-04T06:00:01.722+0200
7307457,11063,244,2026-08-04T02:00:00.000+0200,2026-08-04T04:30:02.296+0200
7307424,269286,6702,2026-08-03T12:31:00.000+0200,2026-08-04T00:32:08.164+0200
7306978,11063,578,2026-08-03T02:00:00.000+0200,2026-08-04T00:00:01.655+0200
7306111,11063,64,2026-08-03T02:00:00.000+0200,2026-08-03T22:00:01.642+0200
7305069,11063,1518,2026-08-03T02:00:00.000+0200,2026-08-03T20:00:01.805+0200
7304185,11063,1622,2026-08-03T02:00:00.000+0200,2026-08-03T18:00:01.787+0200
7303228,11063,3708,2026-08-03T02:00:00.000+0200,2026-08-03T16:00:02.694+0200
7302086,11063,8598,2026-08-03T02:00:00.000+0200,2026-08-03T12:30:01.812+0200
7301214,11063,396,2026-08-03T02:00:00.000+0200,2026-08-03T08:00:01.617+0200
7300614,11063,90,2026-08-02T02:00:00.000+0200,2026-08-03T04:30:02.415+0200
7300156,11063,378,2026-08-02T02:00:00.000+0200,2026-08-03T00:00:01.915+0200
7300130,269286,5421,2026-08-02T23:24:39.000+0200,2026-08-02T23:27:04.717+0200
7299311,11063,214,2026-08-02T02:00:00.000+0200,2026-08-02T22:00:01.734+0200
7298213,11063,1256,2026-08-02T02:00:00.000+0200,2026-08-02T20:00:01.672+0200
7297329,11063,3663,2026-08-02T02:00:00.000+0200,2026-08-02T18:00:01.684+0200
7296324,11063,4314,2026-08-02T02:00:00.000+0200,2026-08-02T16:00:01.654+0200
7295230,11063,3954,2026-08-02T02:00:00.000+0200,2026-08-02T12:30:01.898+0200
7294301,11063,1475,2026-08-02T02:00:00.000+0200,2026-08-02T08:00:02.094+0200
7294082,7789,216,2026-08-01T02:00:00.000+0200,2026-08-02T06:00:01.675+0200
7293679,11063,530,2026-08-02T02:00:00.000+0200,2026-08-02T04:30:02.232+0200
7293678,11063,2,2026-08-01T02:00:00.000+0200,2026-08-02T04:30:02.211+0200
7293259,11063,162,2026-08-01T02:00:00.000+0200,2026-08-02T00:00:01.861+0200
7293258,7789,834,2026-08-01T02:00:00.000+0200,2026-08-02T00:00:01.611+0200
7293207,269286,1774,2026-08-01T23:04:27.000+0200,2026-08-01T23:04:39.928+0200
7292436,11063,990,2026-08-01T02:00:00.000+0200,2026-08-01T22:00:01.866+0200
7292435,7789,1200,2026-08-01T02:00:00.000+0200,2026-08-01T22:00:01.609+0200
7291484,11063,1696,2026-08-01T02:00:00.000+0200,2026-08-01T20:00:01.874+0200
7291483,7789,2908,2026-08-01T02:00:00.000+0200,2026-08-01T20:00:01.497+0200
7290676,11063,1038,2026-08-01T02:00:00.000+0200,2026-08-01T18:00:02.063+0200
7289710,11063,3667,2026-08-01T02:00:00.000+0200,2026-08-01T16:00:01.932+0200
7289709,7789,1650,2026-08-01T02:00:00.000+0200,2026-08-01T16:00:01.676+0200
7288485,11063,238,2026-08-01T02:00:00.000+0200,2026-08-01T12:30:02.122+0200
7288484,7789,2921,2026-08-01T02:00:00.000+0200,2026-08-01T12:30:01.874+0200
7287904,11063,2,2026-08-01T02:00:00.000+0200,2026-08-01T08:00:01.608+0200
7287903,7789,90,2026-08-01T02:00:00.000+0200,2026-08-01T08:00:01.374+0200
7287902,7789,655,2026-07-31T01:00:00.000+0100,2026-08-01T08:00:01.355+0200
7287805,11063,14,2026-08-01T02:00:00.000+0200,2026-08-01T06:00:01.741+0200
7287385,11063,174,2026-08-01T02:00:00.000+0200,2026-08-01T04:30:01.926+0200
7287384,11063,16,2026-07-31T01:00:00.000+0100,2026-08-01T04:30:01.900+0200
7286824,11063,192,2026-07-31T01:00:00.000+0100,2026-08-01T00:00:01.784+0200
7286730,269286,1735,2026-07-31T23:13:14.000+0200,2026-07-31T23:14:29.236+0200
7285883,11063,682,2026-07-31T01:00:00.000+0100,2026-07-31T22:00:01.852+0200
7284865,11063,1684,2026-07-31T01:00:00.000+0100,2026-07-31T20:00:01.624+0200
7284864,7789,235,2026-07-31T01:00:00.000+0100,2026-07-31T20:00:01.387+0200
7283985,11063,398,2026-07-31T01:00:00.000+0100,2026-07-31T18:00:01.773+0200
7283984,7789,475,2026-07-31T01:00:00.000+0100,2026-07-31T18:00:01.518+0200
7282991,11063,220,2026-07-31T01:00:00.000+0100,2026-07-31T16:00:01.904+0200
7282990,7789,2470,2026-07-31T01:00:00.000+0100,2026-07-31T16:00:01.640+0200
7281634,11063,634,2026-07-31T01:00:00.000+0100,2026-07-31T12:30:01.637+0200
7281633,7789,3214,2026-07-31T01:00:00.000+0100,2026-07-31T12:30:01.395+0200
7281011,7789,1505,2026-07-31T01:00:00.000+0100,2026-07-31T08:00:01.420+0200
7280884,11063,28,2026-07-31T01:00:00.000+0100,2026-07-31T06:00:01.916+0200
7280883,7789,504,2026-07-30T01:00:00.000+0100,2026-07-31T06:00:01.656+0200
7279971,11063,294,2026-07-30T01:00:00.000+0100,2026-07-31T00:00:01.957+0100
7279934,269286,7162,2026-07-30T23:31:19.000+0100,2026-07-30T23:32:19.003+0100
7279160,11063,122,2026-07-30T01:00:00.000+0100,2026-07-30T22:00:01.701+0100
7278219,11063,918,2026-07-30T01:00:00.000+0100,2026-07-30T20:00:02.030+0100
7278218,7789,113,2026-07-30T01:00:00.000+0100,2026-07-30T20:00:01.787+0100
7277257,11063,606,2026-07-30T01:00:00.000+0100,2026-07-30T18:00:01.688+0100
7277256,7789,920,2026-07-30T01:00:00.000+0100,2026-07-30T18:00:01.438+0100
7276305,11063,3398,2026-07-30T01:00:00.000+0100,2026-07-30T16:00:01.805+0100
7276304,7789,3844,2026-07-30T01:00:00.000+0100,2026-07-30T16:00:01.564+0100
7275163,11063,4707,2026-07-30T01:00:00.000+0100,2026-07-30T12:30:02.269+0100
7275162,7789,3667,2026-07-30T01:00:00.000+0100,2026-07-30T12:30:02.026+0100
7274446,11063,1800,2026-07-30T01:00:00.000+0100,2026-07-30T08:00:01.771+0100
7274445,7789,46,2026-07-30T01:00:00.000+0100,2026-07-30T08:00:01.531+0100
7274444,7789,278,2026-07-29T01:00:00.000+0100,2026-07-30T08:00:01.505+0100
7273877,11063,176,2026-07-29T01:00:00.000+0100,2026-07-30T04:30:06.255+0100
7273392,11063,2838,2026-07-29T01:00:00.000+0100,2026-07-30T00:00:01.953+0100
7273391,7789,468,2026-07-29T01:00:00.000+0100,2026-07-30T00:00:01.700+0100
7273370,269286,2446,2026-07-29T23:33:19.000+0100,2026-07-29T23:35:33.399+0100
7272629,11063,6180,2026-07-29T01:00:00.000+0100,2026-07-29T22:00:01.592+0100
7272627,7789,1577,2026-07-29T01:00:00.000+0100,2026-07-29T22:00:01.351+0100
7271704,11063,516,2026-07-29T01:00:00.000+0100,2026-07-29T20:00:01.593+0100
7271703,7789,1547,2026-07-29T01:00:00.000+0100,2026-07-29T20:00:01.358+0100
7270816,11063,32,2026-07-29T01:00:00.000+0100,2026-07-29T18:00:01.670+0100
7270815,7789,868,2026-07-29T01:00:00.000+0100,2026-07-29T18:00:01.417+0100
7269887,11063,2298,2026-07-29T01:00:00.000+0100,2026-07-29T16:00:01.828+0100
7269886,7789,1171,2026-07-29T01:00:00.000+0100,2026-07-29T16:00:01.573+0100
7268756,11063,6968,2026-07-29T01:00:00.000+0100,2026-07-29T12:30:01.633+0100
7268755,7789,4635,2026-07-29T01:00:00.000+0100,2026-07-29T12:30:01.395+0100
7268038,11063,1324,2026-07-29T01:00:00.000+0100,2026-07-29T08:00:01.952+0100
7268037,7789,122,2026-07-29T01:00:00.000+0100,2026-07-29T08:00:01.713+0100
7267890,7789,255,2026-07-28T01:00:00.000+0100,2026-07-29T06:00:01.604+0100
7267487,11063,80,2026-07-29T01:00:00.000+0100,2026-07-29T04:30:01.863+0100
7267486,11063,34,2026-07-28T01:00:00.000+0100,2026-07-29T04:30:01.842+0100
7267130,269286,4713,2026-07-28T23:59:55.000+0100,2026-07-29T00:02:23.815+0100
7266997,11063,890,2026-07-28T01:00:00.000+0100,2026-07-29T00:00:01.744+0100
7266996,7789,1630,2026-07-28T01:00:00.000+0100,2026-07-29T00:00:01.496+0100
7266167,11063,280,2026-07-28T01:00:00.000+0100,2026-07-28T22:00:01.614+0100
7266166,7789,692,2026-07-28T01:00:00.000+0100,2026-07-28T22:00:01.381+0100
7265203,11063,2826,2026-07-28T01:00:00.000+0100,2026-07-28T20:00:01.861+0100
7265202,7789,1065,2026-07-28T01:00:00.000+0100,2026-07-28T20:00:01.634+0100
7264280,11063,2498,2026-07-28T01:00:00.000+0100,2026-07-28T18:00:01.707+0100
7264279,7789,728,2026-07-28T01:00:00.000+0100,2026-07-28T18:00:01.436+0100
7263270,11063,4428,2026-07-28T01:00:00.000+0100,2026-07-28T16:00:01.672+0100
7263269,7789,2565,2026-07-28T01:00:00.000+0100,2026-07-28T16:00:01.426+0100
7262057,11063,3086,2026-07-28T01:00:00.000+0100,2026-07-28T12:30:01.614+0100
7262056,7789,362,2026-07-28T01:00:00.000+0100,2026-07-28T12:30:01.366+0100
7260942,7789,495,2026-07-28T01:00:00.000+0100,2026-07-28T08:00:01.764+0100
7260941,7789,11074,2026-07-27T01:00:00.000+0100,2026-07-28T08:00:01.744+0100
7260940,7789,6964,2026-07-26T01:00:00.000+0100,2026-07-28T08:00:01.717+0100
7260311,11063,86,2026-07-28T01:00:00.000+0100,2026-07-28T04:30:05.491+0100
7260310,11063,66,2026-07-27T01:00:00.000+0100,2026-07-28T04:30:05.469+0100
7259909,11063,230,2026-07-27T01:00:00.000+0100,2026-07-28T00:00:01.812+0100
7259884,269286,567,2026-07-27T23:23:57.000+0100,2026-07-27T23:24:04.665+0100
7259880,269286,7029,2026-07-27T23:21:31.000+0100,2026-07-27T23:22:06.094+0100
7259096,11063,1120,2026-07-27T01:00:00.000+0100,2026-07-27T22:00:01.597+0100
7258034,11063,294,2026-07-27T01:00:00.000+0100,2026-07-27T20:00:01.730+0100
7257030,11063,1506,2026-07-27T01:00:00.000+0100,2026-07-27T18:00:01.891+0100
7256046,11063,6550,2026-07-27T01:00:00.000+0100,2026-07-27T16:00:01.571+0100
7254937,11063,5123,2026-07-27T01:00:00.000+0100,2026-07-27T12:30:01.877+0100
7253973,11063,1524,2026-07-27T01:00:00.000+0100,2026-07-27T08:00:01.825+0100
7253386,11063,136,2026-07-27T01:00:00.000+0100,2026-07-27T04:30:05.890+0100
7253385,11063,18,2026-07-26T01:00:00.000+0100,2026-07-27T04:30:05.870+0100
7253360,269286,1023,2026-07-26T12:06:00.000+0100,2026-07-27T00:06:48.646+0100
7253359,269286,5700,2026-07-26T12:02:00.000+0100,2026-07-27T00:04:43.219+0100
7252959,11063,350,2026-07-26T01:00:00.000+0100,2026-07-27T00:00:02.037+0100
7252109,11063,738,2026-07-26T01:00:00.000+0100,2026-07-26T22:00:01.761+0100
7251039,11063,872,2026-07-26T01:00:00.000+0100,2026-07-26T20:00:01.805+0100
7250063,11063,1904,2026-07-26T01:00:00.000+0100,2026-07-26T18:00:01.739+0100
7249083,11063,8059,2026-07-26T01:00:00.000+0100,2026-07-26T16:00:01.630+0100
7249078,437604,47,2026-07-19T01:00:00.000+0100,2026-07-26T15:58:32.452+0100
7249077,437604,42,2026-07-18T01:00:00.000+0100,2026-07-26T15:58:32.450+0100
7249076,437604,39,2026-07-21T01:00:00.000+0100,2026-07-26T15:58:32.439+0100
7249075,437604,52,2026-07-25T01:00:00.000+0100,2026-07-26T15:58:32.435+0100
7249074,437604,7,2026-07-24T01:00:00.000+0100,2026-07-26T15:58:32.434+0100
7249073,437604,7,2026-07-22T01:00:00.000+0100,2026-07-26T15:58:32.412+0100
7249072,437604,6,2026-07-23T01:00:00.000+0100,2026-07-26T15:58:32.407+0100
7249071,437604,14,2026-07-20T01:00:00.000+0100,2026-07-26T15:58:32.404+0100
7247965,11063,4883,2026-07-26T01:00:00.000+0100,2026-07-26T12:30:01.874+0100
7247042,11063,1640,2026-07-26T01:00:00.000+0100,2026-07-26T08:00:01.762+0100
7246386,11063,106,2026-07-26T01:00:00.000+0100,2026-07-26T04:30:05.400+0100
7246385,11063,88,2026-07-25T01:00:00.000+0100,2026-07-26T04:30:05.380+0100
7245950,11063,1216,2026-07-25T01:00:00.000+0100,2026-07-26T00:00:02.051+0100
7245922,269286,4490,2026-07-25T23:24:03.000+0100,2026-07-25T23:24:37.658+0100
7245129,11063,994,2026-07-25T01:00:00.000+0100,2026-07-25T22:00:01.870+0100
7243047,11063,1466,2026-07-25T01:00:00.000+0100,2026-07-25T18:00:02.013+0100
7242024,11063,3695,2026-07-25T01:00:00.000+0100,2026-07-25T16:00:01.880+0100
7240906,11063,4796,2026-07-25T01:00:00.000+0100,2026-07-25T12:30:01.922+0100
7239920,11063,1518,2026-07-25T01:00:00.000+0100,2026-07-25T08:00:02.412+0100
7239301,11063,138,2026-07-25T01:00:00.000+0100,2026-07-25T04:30:01.958+0100
7239300,11063,12,2026-07-24T01:00:00.000+0100,2026-07-25T04:30:01.940+0100
7238912,11063,198,2026-07-24T01:00:00.000+0100,2026-07-25T00:00:01.921+0100
7238843,269286,1674,2026-07-24T22:57:18.000+0100,2026-07-24T23:00:32.526+0100
7238083,11063,702,2026-07-24T01:00:00.000+0100,2026-07-24T22:00:01.762+0100
7237072,11063,866,2026-07-24T01:00:00.000+0100,2026-07-24T20:00:01.650+0100
7236136,11063,664,2026-07-24T01:00:00.000+0100,2026-07-24T18:00:01.901+0100
7235153,11063,3272,2026-07-24T01:00:00.000+0100,2026-07-24T16:00:01.840+0100
7233906,11063,180,2026-07-24T01:00:00.000+0100,2026-07-24T12:30:01.763+0100
7233031,11063,34,2026-07-24T01:00:00.000+0100,2026-07-24T06:00:01.877+0100
7232534,11063,248,2026-07-24T01:00:00.000+0100,2026-07-24T04:30:05.538+0100
7232533,11063,218,2026-07-23T01:00:00.000+0100,2026-07-24T04:30:05.522+0100
7232514,269286,3902,2026-07-23T12:17:00.000+0100,2026-07-24T00:19:03.117+0100
7232042,11063,236,2026-07-23T01:00:00.000+0100,2026-07-24T00:00:01.717+0100
7231248,11063,174,2026-07-23T01:00:00.000+0100,2026-07-23T22:00:01.621+0100
7230349,11063,350,2026-07-23T01:00:00.000+0100,2026-07-23T20:00:01.588+0100
7229454,11063,390,2026-07-23T01:00:00.000+0100,2026-07-23T18:00:01.766+0100
7228460,11063,3462,2026-07-23T01:00:00.000+0100,2026-07-23T16:00:01.728+0100
7227342,11063,9396,2026-07-23T01:00:00.000+0100,2026-07-23T12:30:01.786+0100
7226627,11063,374,2026-07-23T01:00:00.000+0100,2026-07-23T08:00:01.728+0100
7225970,11063,24,2026-07-23T01:00:00.000+0100,2026-07-23T04:30:02.373+0100
7225481,269286,4203,2026-07-22T23:43:16.000+0100,2026-07-22T23:43:29.511+0100
7224719,11063,2050,2026-07-22T01:00:00.000+0100,2026-07-22T22:00:01.693+0100
7223749,11063,1710,2026-07-22T01:00:00.000+0100,2026-07-22T20:00:01.879+0100
7222810,11063,1932,2026-07-22T01:00:00.000+0100,2026-07-22T18:00:01.740+0100
7221843,11063,6511,2026-07-22T01:00:00.000+0100,2026-07-22T16:00:01.751+0100
7220744,11063,4705,2026-07-22T01:00:00.000+0100,2026-07-22T12:30:01.892+0100
7219747,11063,2102,2026-07-22T01:00:00.000+0100,2026-07-22T08:00:01.676+0100
7219089,11063,114,2026-07-21T01:00:00.000+0100,2026-07-22T04:30:03.273+0100
7218669,11063,146,2026-07-21T01:00:00.000+0100,2026-07-22T00:00:01.814+0100
7218650,269286,5911,2026-07-21T23:41:43.000+0100,2026-07-21T23:42:49.535+0100
7217841,11063,606,2026-07-21T01:00:00.000+0100,2026-07-21T22:00:01.724+0100
7216800,11063,2384,2026-07-21T01:00:00.000+0100,2026-07-21T20:00:01.648+0100
7215783,11063,2096,2026-07-21T01:00:00.000+0100,2026-07-21T18:00:01.556+0100
7214797,11063,5353,2026-07-21T01:00:00.000+0100,2026-07-21T16:00:01.714+0100
7213697,11063,4124,2026-07-21T01:00:00.000+0100,2026-07-21T12:30:01.659+0100
7212091,11063,198,2026-07-21T01:00:00.000+0100,2026-07-21T04:30:05.739+0100
7212090,11063,66,2026-07-20T01:00:00.000+0100,2026-07-21T04:30:05.718+0100
7212045,269286,2012,2026-07-20T12:02:00.000+0100,2026-07-21T00:03:57.908+0100
7211661,11063,1548,2026-07-20T01:00:00.000+0100,2026-07-21T00:00:01.775+0100
7210795,11063,1354,2026-07-20T01:00:00.000+0100,2026-07-20T22:00:01.649+0100
7209681,11063,1238,2026-07-20T01:00:00.000+0100,2026-07-20T20:00:01.598+0100
7208598,11063,8418,2026-07-20T01:00:00.000+0100,2026-07-20T18:00:01.830+0100
7207553,11063,7256,2026-07-20T01:00:00.000+0100,2026-07-20T16:00:01.873+0100
7206455,11063,1064,2026-07-20T01:00:00.000+0100,2026-07-20T12:30:02.016+0100
7205517,11063,2,2026-07-20T01:00:00.000+0100,2026-07-20T08:00:01.764+0100
7204696,11063,208,2026-07-20T01:00:00.000+0100,2026-07-20T04:30:05.861+0100
7204695,11063,88,2026-07-19T01:00:00.000+0100,2026-07-20T04:30:05.840+0100
7204309,11063,42,2026-07-19T01:00:00.000+0100,2026-07-20T00:00:01.844+0100
7204305,269286,5185,2026-07-19T23:54:39.000+0100,2026-07-19T23:55:31.175+0100
7203457,11063,394,2026-07-19T01:00:00.000+0100,2026-07-19T22:00:01.689+0100
7203355,19027,61,2026-07-15T01:00:00.000+0100,2026-07-19T21:18:46.321+0100
7203352,19027,460,2026-07-17T01:00:00.000+0100,2026-07-19T21:18:46.318+0100
7203353,19027,9371,2026-07-18T01:00:00.000+0100,2026-07-19T21:18:46.318+0100
7203354,19027,4,2026-07-16T01:00:00.000+0100,2026-07-19T21:18:46.318+0100
7203351,19027,10001,2026-07-19T01:00:00.000+0100,2026-07-19T21:18:46.315+0100
7202320,11063,3560,2026-07-19T01:00:00.000+0100,2026-07-19T20:00:01.767+0100
7200263,11063,5640,2026-07-19T01:00:00.000+0100,2026-07-19T16:00:01.755+0100
7199142,11063,942,2026-07-19T01:00:00.000+0100,2026-07-19T12:30:01.732+0100
7197277,11063,206,2026-07-19T01:00:00.000+0100,2026-07-19T04:30:05.730+0100
7197276,11063,56,2026-07-18T01:00:00.000+0100,2026-07-19T04:30:05.708+0100
7196883,11063,982,2026-07-18T01:00:00.000+0100,2026-07-19T00:00:01.908+0100
7196827,269286,6498,2026-07-18T22:55:24.000+0100,2026-07-18T22:55:47.065+0100
7196025,11063,110,2026-07-18T01:00:00.000+0100,2026-07-18T22:00:01.790+0100
7194923,11063,1086,2026-07-18T01:00:00.000+0100,2026-07-18T20:00:01.666+0100
7193832,11063,2498,2026-07-18T01:00:00.000+0100,2026-07-18T18:00:01.860+0100
7192748,11063,3597,2026-07-18T01:00:00.000+0100,2026-07-18T16:00:01.764+0100
7191598,11063,1974,2026-07-18T01:00:00.000+0100,2026-07-18T12:30:01.866+0100
7189723,11063,412,2026-07-18T01:00:00.000+0100,2026-07-18T04:30:06.161+0100
7189722,11063,62,2026-07-17T01:00:00.000+0100,2026-07-18T04:30:06.141+0100
7189357,11063,80,2026-07-17T01:00:00.000+0100,2026-07-18T00:00:16.470+0100
7189288,269286,2796,2026-07-17T22:58:06.000+0100,2026-07-17T23:00:58.335+0100
7188413,11063,362,2026-07-17T01:00:00.000+0100,2026-07-17T22:00:01.819+0100
7188102,19027,63,2026-07-12T01:00:00.000+0100,2026-07-17T20:05:31.477+0100
7188101,19027,4457,2026-07-17T01:00:00.000+0100,2026-07-17T20:05:31.471+0100
7188100,19027,11255,2026-07-16T01:00:00.000+0100,2026-07-17T20:05:31.462+0100
7188099,19027,708,2026-07-15T01:00:00.000+0100,2026-07-17T20:05:31.454+0100
7188098,19027,22,2026-07-14T01:00:00.000+0100,2026-07-17T20:05:31.446+0100
7187312,11063,2118,2026-07-17T01:00:00.000+0100,2026-07-17T20:00:01.654+0100
7186183,11063,1860,2026-07-17T01:00:00.000+0100,2026-07-17T18:00:01.851+0100
7185053,11063,1660,2026-07-17T01:00:00.000+0100,2026-07-17T16:00:01.797+0100
7183818,11063,2076,2026-07-17T01:00:00.000+0100,2026-07-17T12:30:01.800+0100
7182293,11063,796,2026-07-17T01:00:00.000+0100,2026-07-17T04:30:05.759+0100
7182292,11063,176,2026-07-16T01:00:00.000+0100,2026-07-17T04:30:05.739+0100
7181818,11063,962,2026-07-16T01:00:00.000+0100,2026-07-17T00:00:01.710+0100
7181803,269286,5864,2026-07-16T23:39:31.000+0100,2026-07-16T23:41:04.970+0100
7181009,11063,2582,2026-07-16T01:00:00.000+0100,2026-07-16T22:00:01.591+0100
7179161,11063,950,2026-07-16T01:00:00.000+0100,2026-07-16T18:00:01.833+0100
7178154,11063,1648,2026-07-16T01:00:00.000+0100,2026-07-16T16:00:01.704+0100
7176910,11063,1346,2026-07-16T01:00:00.000+0100,2026-07-16T12:30:01.749+0100
7176151,11063,8,2026-07-16T01:00:00.000+0100,2026-07-16T08:00:01.880+0100
7175994,11063,8,2026-07-16T01:00:00.000+0100,2026-07-16T06:00:01.715+0100
7175526,11063,156,2026-07-16T01:00:00.000+0100,2026-07-16T04:30:05.859+0100
7175525,11063,92,2026-07-15T01:00:00.000+0100,2026-07-16T04:30:05.839+0100
7174987,11063,590,2026-07-15T01:00:00.000+0100,2026-07-16T00:00:01.665+0100
7174970,269286,2602,2026-07-15T23:38:56.000+0100,2026-07-15T23:40:48.952+0100
7174139,11063,1032,2026-07-15T01:00:00.000+0100,2026-07-15T22:00:01.551+0100
7173152,11063,1116,2026-07-15T01:00:00.000+0100,2026-07-15T20:00:01.834+0100
7172235,11063,1994,2026-07-15T01:00:00.000+0100,2026-07-15T18:00:01.791+0100
7172134,19027,813,2026-07-14T01:00:00.000+0100,2026-07-15T16:19:07.566+0100
7172133,19027,929,2026-07-15T01:00:00.000+0100,2026-07-15T16:19:07.555+0100
7171202,11063,722,2026-07-15T01:00:00.000+0100,2026-07-15T16:00:01.591+0100
7170101,11063,600,2026-07-15T01:00:00.000+0100,2026-07-15T12:30:01.903+0100
7169127,11063,16,2026-07-15T01:00:00.000+0100,2026-07-15T08:00:01.716+0100
7168397,11063,396,2026-07-15T01:00:00.000+0100,2026-07-15T04:30:06.102+0100
7167962,11063,472,2026-07-14T01:00:00.000+0100,2026-07-15T00:00:01.965+0100
7167909,269286,3898,2026-07-14T22:56:08.000+0100,2026-07-14T22:58:24.530+0100
7167055,11063,790,2026-07-14T01:00:00.000+0100,2026-07-14T22:00:01.759+0100
7165951,11063,914,2026-07-14T01:00:00.000+0100,2026-07-14T20:00:01.657+0100
7164972,11063,3668,2026-07-14T01:00:00.000+0100,2026-07-14T18:00:01.644+0100
7163989,11063,3102,2026-07-14T01:00:00.000+0100,2026-07-14T16:00:01.724+0100
7163977,19027,8983,2026-07-12T01:00:00.000+0100,2026-07-14T15:34:17.474+0100
7163976,19027,464,2026-07-14T01:00:00.000+0100,2026-07-14T15:34:17.469+0100
7163975,19027,3009,2026-07-13T01:00:00.000+0100,2026-07-14T15:34:17.462+0100
7162906,11063,5015,2026-07-14T01:00:00.000+0100,2026-07-14T12:30:01.840+0100
7161157,11063,2,2026-07-13T01:00:00.000+0100,2026-07-14T04:30:05.770+0100
7160694,11063,256,2026-07-13T01:00:00.000+0100,2026-07-14T00:00:01.924+0100
7160621,269286,4398,2026-07-13T22:46:27.000+0100,2026-07-13T22:48:52.724+0100
7159881,11063,136,2026-07-13T01:00:00.000+0100,2026-07-13T22:00:01.735+0100
7158836,11063,1110,2026-07-13T01:00:00.000+0100,2026-07-13T20:00:01.819+0100
7157838,11063,2090,2026-07-13T01:00:00.000+0100,2026-07-13T18:00:01.921+0100
7156823,11063,3000,2026-07-13T01:00:00.000+0100,2026-07-13T16:00:01.634+0100
7155729,11063,4020,2026-07-13T01:00:00.000+0100,2026-07-13T12:30:01.833+0100
7155704,437604,2,2026-07-10T01:00:00.000+0100,2026-07-13T11:48:46.425+0100
7155703,437604,3,2026-07-12T01:00:00.000+0100,2026-07-13T11:48:46.394+0100
7155702,437604,2,2026-07-11T01:00:00.000+0100,2026-07-13T11:48:46.268+0100
7155701,437604,3,2026-07-08T01:00:00.000+0100,2026-07-13T11:48:46.261+0100
7155700,437604,2,2026-07-09T01:00:00.000+0100,2026-07-13T11:48:46.260+0100
7155699,437604,1,2026-07-06T01:00:00.000+0100,2026-07-13T11:48:46.259+0100
7155698,437604,2,2026-07-07T01:00:00.000+0100,2026-07-13T11:48:46.252+0100
7155697,437604,381,2026-07-13T01:00:00.000+0100,2026-07-13T11:48:46.247+0100
7154753,11063,1570,2026-07-13T01:00:00.000+0100,2026-07-13T08:00:01.823+0100
7154027,11063,2,2026-07-13T01:00:00.000+0100,2026-07-13T04:30:05.792+0100
7154026,11063,314,2026-07-12T01:00:00.000+0100,2026-07-13T04:30:05.777+0100
7153595,11063,302,2026-07-12T01:00:00.000+0100,2026-07-13T00:00:01.766+0100
7153567,269286,4504,2026-07-12T23:17:44.000+0100,2026-07-12T23:17:59.765+0100
7152782,11063,1344,2026-07-12T01:00:00.000+0100,2026-07-12T22:00:01.848+0100
7151721,11063,958,2026-07-12T01:00:00.000+0100,2026-07-12T20:00:01.798+0100
7150688,11063,1622,2026-07-12T01:00:00.000+0100,2026-07-12T18:00:01.712+0100
7149669,11063,4949,2026-07-12T01:00:00.000+0100,2026-07-12T16:00:01.809+0100
7148625,11063,9488,2026-07-12T01:00:00.000+0100,2026-07-12T12:30:01.656+0100
7147640,11063,1382,2026-07-12T01:00:00.000+0100,2026-07-12T08:00:01.888+0100
7146879,11063,6,2026-07-12T01:00:00.000+0100,2026-07-12T04:30:01.982+0100
7146878,11063,144,2026-07-11T01:00:00.000+0100,2026-07-12T04:30:01.965+0100
7146473,11063,224,2026-07-11T01:00:00.000+0100,2026-07-12T00:00:01.857+0100
7146448,269286,4650,2026-07-11T23:10:46.000+0100,2026-07-11T23:12:14.252+0100
7145714,11063,200,2026-07-11T01:00:00.000+0100,2026-07-11T22:00:01.667+0100
7144629,11063,1844,2026-07-11T01:00:00.000+0100,2026-07-11T20:00:01.610+0100
7143608,11063,1142,2026-07-11T01:00:00.000+0100,2026-07-11T18:00:01.588+0100
7142556,11063,3851,2026-07-11T01:00:00.000+0100,2026-07-11T16:00:01.903+0100
7141451,11063,3952,2026-07-11T01:00:00.000+0100,2026-07-11T12:30:01.959+0100
7141263,269286,175,2026-07-10T20:12:00.000+0100,2026-07-11T08:12:44.471+0100
7140454,11063,1549,2026-07-11T01:00:00.000+0100,2026-07-11T08:00:01.706+0100
7139769,11063,94,2026-07-10T01:00:00.000+0100,2026-07-11T04:30:05.898+0100
7139321,11063,392,2026-07-10T01:00:00.000+0100,2026-07-11T00:00:01.776+0100
7139243,269286,1062,2026-07-10T22:43:47.000+0100,2026-07-10T22:47:23.976+0100
7138506,11063,524,2026-07-10T01:00:00.000+0100,2026-07-10T22:00:01.649+0100
7137453,11063,1066,2026-07-10T01:00:00.000+0100,2026-07-10T20:00:01.813+0100
7136397,11063,426,2026-07-10T01:00:00.000+0100,2026-07-10T18:00:01.611+0100
7135357,11063,1508,2026-07-10T01:00:00.000+0100,2026-07-10T16:00:01.752+0100
7134167,11063,1406,2026-07-10T01:00:00.000+0100,2026-07-10T12:30:01.671+0100
7133430,11063,20,2026-07-10T01:00:00.000+0100,2026-07-10T08:00:01.758+0100
7132813,11063,154,2026-07-10T01:00:00.000+0100,2026-07-10T04:30:05.397+0100
7132299,11063,54,2026-07-09T01:00:00.000+0100,2026-07-10T00:00:01.719+0100
7132276,269286,7422,2026-07-09T23:31:02.000+0100,2026-07-09T23:32:18.697+0100
7131580,11063,486,2026-07-09T01:00:00.000+0100,2026-07-09T22:00:01.613+0100
7130674,11063,312,2026-07-09T01:00:00.000+0100,2026-07-09T20:00:01.584+0100
7129723,11063,1564,2026-07-09T01:00:00.000+0100,2026-07-09T18:00:01.714+0100
7128783,11063,4320,2026-07-09T01:00:00.000+0100,2026-07-09T16:00:01.777+0100
7127630,11063,1218,2026-07-09T01:00:00.000+0100,2026-07-09T12:30:02.026+0100
7126978,11063,16,2026-07-09T01:00:00.000+0100,2026-07-09T08:00:01.872+0100
7126792,11063,4,2026-07-09T01:00:00.000+0100,2026-07-09T06:00:01.890+0100
7126348,11063,300,2026-07-09T01:00:00.000+0100,2026-07-09T04:30:02.890+0100
7126347,11063,84,2026-07-08T01:00:00.000+0100,2026-07-09T04:30:02.874+0100
7125844,11063,858,2026-07-08T01:00:00.000+0100,2026-07-09T00:00:01.742+0100
7125793,269286,4501,2026-07-08T23:05:12.000+0100,2026-07-08T23:05:33.161+0100
7125128,11063,1290,2026-07-08T01:00:00.000+0100,2026-07-08T22:00:01.584+0100
7124179,11063,1130,2026-07-08T01:00:00.000+0100,2026-07-08T20:00:01.736+0100
7123251,11063,2316,2026-07-08T01:00:00.000+0100,2026-07-08T18:00:01.889+0100
7122302,11063,4442,2026-07-08T01:00:00.000+0100,2026-07-08T16:00:01.577+0100
7121208,11063,5168,2026-07-08T01:00:00.000+0100,2026-07-08T12:30:01.679+0100
7120303,11063,1601,2026-07-08T01:00:00.000+0100,2026-07-08T08:00:01.651+0100
7119600,11063,146,2026-07-08T01:00:00.000+0100,2026-07-08T04:30:02.342+0100
7119599,11063,18,2026-07-07T01:00:00.000+0100,2026-07-08T04:30:02.320+0100
7119165,11063,514,2026-07-07T01:00:00.000+0100,2026-07-08T00:00:01.672+0100
7119097,269286,3398,2026-07-07T22:54:17.000+0100,2026-07-07T22:54:46.138+0100
7118415,11063,836,2026-07-07T01:00:00.000+0100,2026-07-07T22:00:01.714+0100
7117408,11063,2526,2026-07-07T01:00:00.000+0100,2026-07-07T20:00:01.830+0100
7116449,11063,2482,2026-07-07T01:00:00.000+0100,2026-07-07T18:00:01.655+0100
7115482,11063,4030,2026-07-07T01:00:00.000+0100,2026-07-07T16:00:01.687+0100
7114346,11063,1814,2026-07-07T01:00:00.000+0100,2026-07-07T12:30:01.283+0100
7113437,11063,12,2026-07-07T01:00:00.000+0100,2026-07-07T08:00:01.465+0100
7112707,11063,38,2026-07-06T01:00:00.000+0100,2026-07-07T04:30:06.216+0100
7112265,11063,758,2026-07-06T01:00:00.000+0100,2026-07-07T00:00:01.199+0100
7112231,269286,3621,2026-07-06T23:17:43.000+0100,2026-07-06T23:18:06.660+0100
7111514,11063,220,2026-07-06T01:00:00.000+0100,2026-07-06T22:00:01.168+0100
7110508,11063,1876,2026-07-06T01:00:00.000+0100,2026-07-06T20:00:01.151+0100
7109586,11063,1278,2026-07-06T01:00:00.000+0100,2026-07-06T18:00:01.120+0100
7108581,11063,5665,2026-07-06T01:00:00.000+0100,2026-07-06T16:00:01.185+0100
7107501,437604,16,2026-07-06T01:00:00.000+0100,2026-07-06T12:30:02.206+0100
7107500,437604,807,2026-07-05T01:00:00.000+0100,2026-07-06T12:30:02.187+0100
7107497,11063,7438,2026-07-06T01:00:00.000+0100,2026-07-06T12:30:01.250+0100
7106492,11063,324,2026-07-06T01:00:00.000+0100,2026-07-06T08:00:01.380+0100
7105300,11063,142,2026-07-05T01:00:00.000+0100,2026-07-06T00:00:01.214+0100
7105281,269286,691,2026-07-05T23:47:21.000+0100,2026-07-05T23:47:30.682+0100
7105277,269286,3386,2026-07-05T23:45:29.000+0100,2026-07-05T23:46:01.268+0100
7104542,11063,172,2026-07-05T01:00:00.000+0100,2026-07-05T22:00:01.273+0100
7103522,11063,198,2026-07-05T01:00:00.000+0100,2026-07-05T20:00:01.156+0100
7102589,11063,1408,2026-07-05T01:00:00.000+0100,2026-07-05T18:00:01.406+0100
7101585,11063,4606,2026-07-05T01:00:00.000+0100,2026-07-05T16:00:01.218+0100
7100572,11063,4568,2026-07-05T01:00:00.000+0100,2026-07-05T12:30:01.396+0100
7099620,11063,1414,2026-07-05T01:00:00.000+0100,2026-07-05T08:00:01.179+0100
7099277,11063,2,2026-07-05T01:00:00.000+0100,2026-07-05T06:00:01.281+0100
7098878,269286,4314,2026-07-05T00:50:46.000+0100,2026-07-05T00:51:18.320+0100
7098474,11063,410,2026-07-04T01:00:00.000+0100,2026-07-05T00:00:01.337+0100
7097717,11063,1056,2026-07-04T01:00:00.000+0100,2026-07-04T22:00:01.333+0100
7096658,11063,1198,2026-07-04T01:00:00.000+0100,2026-07-04T20:00:01.465+0100
7096657,2227,1713,2026-07-04T01:00:00.000+0100,2026-07-04T20:00:01.243+0100
7095697,11063,1758,2026-07-04T01:00:00.000+0100,2026-07-04T18:00:01.418+0100
7095696,2227,126,2026-07-03T01:00:00.000+0100,2026-07-04T18:00:01.188+0100
7094738,11063,5385,2026-07-04T01:00:00.000+0100,2026-07-04T16:00:01.377+0100
7093677,11063,4988,2026-07-04T01:00:00.000+0100,2026-07-04T12:30:01.396+0100
7092780,11063,1853,2026-07-04T01:00:00.000+0100,2026-07-04T08:00:01.624+0100
7092776,2227,167,2026-07-03T01:00:00.000+0100,2026-07-04T08:00:01.016+0100
7092452,2227,323,2026-07-03T01:00:00.000+0100,2026-07-04T06:00:01.113+0100
7092081,11063,170,2026-07-04T01:00:00.000+0100,2026-07-04T04:30:02.139+0100
7092080,11063,10,2026-07-03T01:00:00.000+0100,2026-07-04T04:30:02.105+0100
7092079,2227,10640,2026-07-03T01:00:00.000+0100,2026-07-04T04:30:01.800+0100
7091645,11063,476,2026-07-03T01:00:00.000+0100,2026-07-04T00:00:01.194+0100
7091581,269286,2283,2026-07-03T22:54:04.000+0100,2026-07-03T22:54:19.887+0100
7090871,11063,70,2026-07-03T01:00:00.000+0100,2026-07-03T22:00:01.371+0100
7089857,11063,152,2026-07-03T01:00:00.000+0100,2026-07-03T20:00:01.319+0100
7089856,2227,575,2026-07-03T01:00:00.000+0100,2026-07-03T20:00:01.146+0100
7088773,11063,210,2026-07-03T01:00:00.000+0100,2026-07-03T18:00:01.121+0100
7088772,2227,295,2026-07-03T01:00:00.000+0100,2026-07-03T18:00:00.955+0100
7087738,11063,2219,2026-07-03T01:00:00.000+0100,2026-07-03T16:00:01.894+0100
7086541,11063,1124,2026-07-03T01:00:00.000+0100,2026-07-03T12:30:01.279+0100
7086540,2227,4416,2026-07-01T01:00:00.000+0100,2026-07-03T12:30:01.106+0100
7085267,11063,234,2026-07-03T01:00:00.000+0100,2026-07-03T04:30:04.914+0100
7085266,11063,108,2026-07-02T01:00:00.000+0100,2026-07-03T04:30:04.893+0100
7084749,11063,164,2026-07-02T01:00:00.000+0100,2026-07-03T00:00:01.482+0100
7084709,269286,6463,2026-07-02T23:26:25.000+0100,2026-07-02T23:26:40.543+0100
7084034,11063,820,2026-07-02T01:00:00.000+0100,2026-07-02T22:00:01.257+0100
7083158,11063,848,2026-07-02T01:00:00.000+0100,2026-07-02T20:00:01.090+0100
7082240,11063,1561,2026-07-02T01:00:00.000+0100,2026-07-02T18:00:01.057+0100
7081299,11063,4248,2026-07-02T01:00:00.000+0100,2026-07-02T16:00:01.270+0100
7080133,11063,7555,2026-07-02T01:00:00.000+0100,2026-07-02T12:30:01.153+0100
7079507,11063,12,2026-07-02T01:00:00.000+0100,2026-07-02T08:00:01.197+0100
7079320,11063,6,2026-07-02T01:00:00.000+0100,2026-07-02T06:00:01.179+0100
7078885,11063,12,2026-07-02T01:00:00.000+0100,2026-07-02T04:30:05.423+0100
7078884,11063,90,2026-07-01T01:00:00.000+0100,2026-07-02T04:30:05.403+0100
7078396,11063,152,2026-07-01T01:00:00.000+0100,2026-07-02T00:00:01.103+0100
7078338,269286,5957,2026-07-01T23:03:19.000+0100,2026-07-01T23:04:42.949+0100
7077653,11063,188,2026-07-01T01:00:00.000+0100,2026-07-01T22:00:01.142+0100
7076722,11063,1800,2026-07-01T01:00:00.000+0100,2026-07-01T20:00:01.230+0100
7075800,11063,2854,2026-07-01T01:00:00.000+0100,2026-07-01T18:00:01.135+0100
7075799,2227,4158,2026-07-01T01:00:00.000+0100,2026-07-01T18:00:01.025+0100
7075798,2227,163,2024-02-29T01:00:00.000+0100,2026-07-01T18:00:01.005+0100
7074833,11063,3359,2026-07-01T01:00:00.000+0100,2026-07-01T16:00:01.236+0100
7073783,11063,5794,2026-07-01T01:00:00.000+0100,2026-07-01T12:30:01.207+0100
7072965,11063,474,2026-07-01T01:00:00.000+0100,2026-07-01T08:00:01.081+0100
7072721,2227,780,2024-02-29T01:00:00.000+0100,2026-07-01T06:00:01.166+0100
7072364,11063,96,2026-07-01T01:00:00.000+0100,2026-07-01T04:30:03.565+0100
7072363,11063,12,2024-02-29T01:00:00.000+0100,2026-07-01T04:30:03.544+0100
7072361,2227,18559,2024-02-29T01:00:00.000+0100,2026-07-01T04:30:01.222+0100
7072351,269286,3655,2024-02-29T12:50:00.000+0100,2026-07-01T00:51:41.527+0100
7071941,11063,794,2024-02-29T01:00:00.000+0100,2026-07-01T00:00:01.192+0100
