id,external_id,minutes,completed_at,updated_at
38135135,269286,3,2026-08-25T11:04:28.000+0200,2026-08-25T11:04:28.797+0200
38134935,269286,9,2026-08-25T11:01:36.000+0200,2026-08-25T11:01:37.261+0200
38134851,358273,2,2026-08-25T13:00:22.000+0200,2026-08-25T11:00:22.056+0200
38134698,269286,8,2026-08-25T10:58:11.000+0200,2026-08-25T10:58:12.334+0200
38134523,269286,6,2026-08-25T10:55:09.000+0200,2026-08-25T10:55:10.063+0200
38134093,269286,11,2026-08-25T10:48:08.000+0200,2026-08-25T10:48:08.401+0200
38133795,269286,6,2026-08-25T10:44:00.000+0200,2026-08-25T10:44:00.498+0200
38110612,375235,5,2026-08-24T22:27:27.000+0200,2026-08-24T20:27:28.571+0200
38074540,269286,5,2026-08-24T10:52:42.000+0200,2026-08-24T10:52:43.005+0200
38074372,269286,6,2026-08-24T10:50:11.000+0200,2026-08-24T10:50:11.383+0200
38074166,269286,6,2026-08-24T10:47:25.000+0200,2026-08-24T10:47:26.036+0200
38074008,269286,2,2026-08-24T10:45:36.000+0200,2026-08-24T10:45:36.551+0200
38073793,269286,9,2026-08-24T10:43:02.000+0200,2026-08-24T10:43:02.330+0200
38073572,269286,2,2026-08-24T10:40:31.000+0200,2026-08-24T10:40:31.799+0200
38073450,269286,3,2026-08-24T10:39:12.000+0200,2026-08-24T10:39:12.763+0200
38073329,269286,2,2026-08-24T10:37:56.000+0200,2026-08-24T10:37:57.213+0200
38073156,269286,3,2026-08-24T10:35:56.000+0200,2026-08-24T10:35:57.174+0200
38073077,269286,2,2026-08-24T10:35:00.000+0200,2026-08-24T10:35:02.126+0200
38048474,13859,3,2026-08-23T19:43:48.000+0200,2026-08-23T19:43:49.300+0200
38048341,13859,2,2026-08-23T19:42:02.000+0200,2026-08-23T19:42:02.235+0200
38048268,13859,2,2026-08-23T19:41:08.000+0200,2026-08-23T19:41:08.270+0200
38048143,13859,6,2026-08-23T19:39:30.000+0200,2026-08-23T19:39:30.351+0200
38047882,13859,9,2026-08-23T19:35:57.000+0200,2026-08-23T19:35:58.066+0200
38047618,13859,8,2026-08-23T19:32:17.000+0200,2026-08-23T19:32:17.634+0200
38047358,13859,9,2026-08-23T19:28:32.000+0200,2026-08-23T19:28:33.099+0200
38047081,13859,6,2026-08-23T19:24:44.000+0200,2026-08-23T19:24:44.509+0200
38046926,13859,5,2026-08-23T19:22:21.000+0200,2026-08-23T19:22:22.036+0200
38046755,13859,6,2026-08-23T19:20:00.000+0200,2026-08-23T19:20:00.498+0200
38046566,13859,5,2026-08-23T19:17:15.000+0200,2026-08-23T19:17:16.055+0200
38046373,13859,5,2026-08-23T19:14:28.000+0200,2026-08-23T19:14:29.023+0200
38046260,13859,2,2026-08-23T19:12:43.000+0200,2026-08-23T19:12:43.738+0200
38042393,269286,3,2026-08-23T18:14:29.000+0200,2026-08-23T18:14:29.285+0200
38042190,269286,9,2026-08-23T18:11:39.000+0200,2026-08-23T18:11:39.551+0200
38041950,269286,8,2026-08-23T18:08:14.000+0200,2026-08-23T18:08:15.046+0200
38041770,269286,6,2026-08-23T18:05:14.000+0200,2026-08-23T18:05:14.197+0200
38041522,269286,11,2026-08-23T18:01:17.000+0200,2026-08-23T18:01:18.055+0200
38041307,269286,6,2026-08-23T17:57:17.000+0200,2026-08-23T17:57:17.500+0200
38015333,7789,3,2026-08-23T12:22:47.000+0200,2026-08-23T10:22:47.684+0200
38015238,7789,2,2026-08-23T12:21:24.000+0200,2026-08-23T10:21:24.922+0200
38015105,7789,2,2026-08-23T12:19:46.000+0200,2026-08-23T10:19:46.873+0200
38014946,7789,2,2026-08-23T12:17:43.000+0200,2026-08-23T10:17:43.924+0200
38010045,364709,2,2026-08-23T09:13:42.990+0200,2026-08-23T09:13:43.143+0200
38009703,7789,2,2026-08-23T11:09:31.000+0200,2026-08-23T09:09:32.121+0200
38009587,364709,3,2026-08-23T09:08:07.593+0200,2026-08-23T09:08:07.743+0200
37976607,321500,3,2026-08-22T17:44:42.000+0200,2026-08-22T15:44:42.275+0200
37967965,423067,3,2026-08-22T15:29:20.000+0200,2026-08-22T13:29:20.960+0200
37967855,423067,2,2026-08-22T15:27:32.000+0200,2026-08-22T13:27:32.914+0200
37963203,423067,5,2026-08-22T14:05:12.000+0200,2026-08-22T12:05:12.389+0200
37963061,423067,3,2026-08-22T14:02:35.000+0200,2026-08-22T12:02:35.548+0200
37962970,423067,2,2026-08-22T14:01:00.000+0200,2026-08-22T12:01:00.527+0200
37960211,321500,5,2026-08-22T13:20:47.000+0200,2026-08-22T11:20:47.220+0200
37866843,13859,9,2026-08-20T14:30:59.000+0200,2026-08-20T14:30:59.754+0200
37866605,13859,2,2026-08-20T14:25:17.000+0200,2026-08-20T14:25:17.235+0200
37866259,13859,15,2026-08-20T14:16:54.000+0200,2026-08-20T14:16:55.125+0200
37865900,13859,3,2026-08-20T14:07:47.000+0200,2026-08-20T14:07:47.632+0200
37845161,15625,3,2026-08-20T01:09:10.000+0200,2026-08-19T23:09:11.362+0200
37845141,15625,3,2026-08-20T01:07:20.000+0200,2026-08-19T23:07:22.403+0200
37845109,15625,5,2026-08-20T01:04:43.000+0200,2026-08-19T23:04:44.544+0200
37845065,15625,6,2026-08-20T01:01:43.000+0200,2026-08-19T23:01:44.869+0200
37845033,15625,2,2026-08-20T00:59:25.000+0200,2026-08-19T22:59:26.739+0200
37844991,15625,6,2026-08-20T00:57:04.000+0200,2026-08-19T22:57:06.226+0200
37844923,15625,9,2026-08-20T00:52:21.000+0200,2026-08-19T22:52:22.249+0200
37844871,15625,5,2026-08-20T00:47:57.000+0200,2026-08-19T22:47:58.451+0200
37844387,15625,6,2026-08-20T00:18:20.000+0200,2026-08-19T22:18:22.563+0200
37844320,15625,5,2026-08-20T00:14:45.000+0200,2026-08-19T22:14:47.112+0200
37844257,15625,3,2026-08-20T00:12:29.000+0200,2026-08-19T22:12:30.917+0200
37844207,15625,5,2026-08-20T00:10:10.000+0200,2026-08-19T22:10:11.850+0200
37844153,15625,2,2026-08-20T00:08:20.000+0200,2026-08-19T22:08:21.386+0200
37844133,15625,2,2026-08-20T00:07:36.000+0200,2026-08-19T22:07:37.405+0200
37832975,269286,3,2026-08-19T17:38:00.000+0200,2026-08-19T17:38:00.654+0200
37832843,269286,9,2026-08-19T17:35:10.000+0200,2026-08-19T17:35:11.119+0200
37832683,269286,8,2026-08-19T17:31:47.000+0200,2026-08-19T17:31:47.597+0200
37832525,269286,6,2026-08-19T17:28:48.000+0200,2026-08-19T17:28:49.089+0200
37832302,269286,11,2026-08-19T17:24:53.000+0200,2026-08-19T17:24:53.253+0200
37832006,269286,6,2026-08-19T17:19:44.000+0200,2026-08-19T17:19:44.558+0200
37824262,423067,2,2026-08-19T16:52:03.000+0200,2026-08-19T14:52:03.156+0200
37824141,423067,4,2026-08-19T16:50:09.000+0200,2026-08-19T14:50:09.228+0200
37814479,30933,6,2026-08-19T14:06:15.000+0200,2026-08-19T12:06:15.555+0200
37814270,30933,2,2026-08-19T14:03:08.000+0200,2026-08-19T12:03:09.094+0200
37814186,30933,2,2026-08-19T14:01:46.000+0200,2026-08-19T12:01:46.692+0200
37814099,30933,3,2026-08-19T14:00:22.000+0200,2026-08-19T12:00:22.431+0200
37813918,30933,2,2026-08-19T13:57:15.000+0200,2026-08-19T11:57:15.928+0200
37801676,364709,2,2026-08-19T09:22:13.139+0200,2026-08-19T09:22:13.636+0200
37801580,364709,3,2026-08-19T09:21:06.890+0200,2026-08-19T09:21:07.469+0200
37761254,364709,2,2026-08-18T13:18:53.102+0200,2026-08-18T13:18:53.886+0200
37745247,364709,3,2026-08-18T09:13:16.934+0200,2026-08-18T09:13:17.017+0200
37745246,364709,3,2026-08-18T09:13:16.404+0200,2026-08-18T09:13:17.008+0200
37721889,269286,3,2026-08-17T18:45:40.000+0200,2026-08-17T18:45:41.099+0200
37721708,269286,9,2026-08-17T18:42:46.000+0200,2026-08-17T18:42:46.489+0200
37721436,269286,8,2026-08-17T18:38:43.000+0200,2026-08-17T18:38:43.775+0200
37721218,269286,6,2026-08-17T18:35:41.000+0200,2026-08-17T18:35:41.331+0200
37720935,269286,11,2026-08-17T18:31:42.000+0200,2026-08-17T18:31:43.084+0200
37720631,269286,6,2026-08-17T18:27:34.000+0200,2026-08-17T18:27:34.891+0200
37702651,364709,3,2026-08-17T13:18:58.856+0200,2026-08-17T13:18:58.854+0200
37700878,11063,11,2026-08-17T12:48:18.110+0200,2026-08-17T12:49:26.066+0200
37659412,269286,5,2026-08-16T18:05:45.000+0200,2026-08-16T18:05:45.890+0200
37659242,269286,6,2026-08-16T18:03:03.000+0200,2026-08-16T18:03:03.575+0200
37659078,269286,6,2026-08-16T18:00:11.000+0200,2026-08-16T18:00:11.870+0200
37658970,269286,2,2026-08-16T17:58:16.000+0200,2026-08-16T17:58:16.833+0200
37658816,269286,9,2026-08-16T17:55:47.000+0200,2026-08-16T17:55:47.951+0200
37658648,269286,2,2026-08-16T17:53:16.000+0200,2026-08-16T17:53:16.436+0200
37658554,269286,3,2026-08-16T17:52:01.000+0200,2026-08-16T17:52:01.595+0200
37658466,269286,2,2026-08-16T17:50:49.000+0200,2026-08-16T17:50:49.374+0200
37658359,269286,3,2026-08-16T17:49:14.000+0200,2026-08-16T17:49:14.913+0200
37658228,269286,2,2026-08-16T17:47:14.000+0200,2026-08-16T17:47:14.900+0200
37577210,397184,12,,2026-08-15T11:40:53.534+0200
37553771,30933,3,2026-08-15T00:50:45.000+0200,2026-08-14T22:50:45.898+0200
37553608,30933,3,2026-08-15T00:44:07.000+0200,2026-08-14T22:44:07.304+0200
37553526,30933,3,2026-08-15T00:41:06.000+0200,2026-08-14T22:41:06.821+0200
37553463,30933,2,2026-08-15T00:38:56.000+0200,2026-08-14T22:38:57.063+0200
37553296,30933,9,2026-08-15T00:32:51.000+0200,2026-08-14T22:32:51.364+0200
37553189,30933,2,2026-08-15T00:29:02.000+0200,2026-08-14T22:29:02.171+0200
37553106,30933,5,2026-08-15T00:26:16.000+0200,2026-08-14T22:26:16.926+0200
37552991,30933,5,2026-08-15T00:22:37.000+0200,2026-08-14T22:22:38.009+0200
37552806,30933,6,2026-08-15T00:17:16.000+0200,2026-08-14T22:17:16.970+0200
37552658,30933,6,2026-08-15T00:12:46.000+0200,2026-08-14T22:12:46.344+0200
37552505,30933,6,2026-08-15T00:08:27.000+0200,2026-08-14T22:08:27.511+0200
37552420,30933,2,2026-08-15T00:05:55.000+0200,2026-08-14T22:05:55.572+0200
37552359,30933,2,2026-08-15T00:04:00.000+0200,2026-08-14T22:04:01.075+0200
37552229,30933,3,2026-08-15T00:00:28.000+0200,2026-08-14T22:00:28.306+0200
37552166,30933,2,2026-08-14T23:58:36.000+0200,2026-08-14T21:58:36.163+0200
37536265,269286,5,2026-08-14T17:34:38.000+0200,2026-08-14T17:34:39.033+0200
37536153,269286,6,2026-08-14T17:32:13.000+0200,2026-08-14T17:32:14.129+0200
37536041,269286,6,2026-08-14T17:29:29.000+0200,2026-08-14T17:29:29.991+0200
37535950,269286,2,2026-08-14T17:27:28.000+0200,2026-08-14T17:27:28.869+0200
37535831,269286,9,2026-08-14T17:24:39.000+0200,2026-08-14T17:24:39.449+0200
37535706,269286,2,2026-08-14T17:22:06.000+0200,2026-08-14T17:22:06.701+0200
37535639,269286,3,2026-08-14T17:20:49.000+0200,2026-08-14T17:20:49.299+0200
37535577,269286,2,2026-08-14T17:19:34.000+0200,2026-08-14T17:19:34.435+0200
37535497,269286,3,2026-08-14T17:17:57.000+0200,2026-08-14T17:17:58.144+0200
37535458,269286,2,2026-08-14T17:17:04.000+0200,2026-08-14T17:17:05.111+0200
37495471,269286,3,2026-08-13T17:26:52.000+0200,2026-08-13T17:26:53.146+0200
37495354,269286,9,2026-08-13T17:22:31.000+0200,2026-08-13T17:22:32.409+0200
37495261,269286,8,2026-08-13T17:18:22.000+0200,2026-08-13T17:18:22.881+0200
37495191,269286,6,2026-08-13T17:15:20.000+0200,2026-08-13T17:15:21.430+0200
37495102,269286,11,2026-08-13T17:11:00.000+0200,2026-08-13T17:11:01.306+0200
37495014,269286,6,2026-08-13T17:06:59.000+0200,2026-08-13T17:07:00.238+0200
37464136,269286,5,2026-08-12T18:54:09.000+0200,2026-08-12T18:54:09.463+0200
37464056,269286,6,2026-08-12T18:51:47.000+0200,2026-08-12T18:51:47.350+0200
37463962,269286,6,2026-08-12T18:49:04.000+0200,2026-08-12T18:49:04.475+0200
37463824,269286,2,2026-08-12T18:45:54.000+0200,2026-08-12T18:45:54.470+0200
37463722,269286,9,2026-08-12T18:43:18.000+0200,2026-08-12T18:43:18.540+0200
37463622,269286,2,2026-08-12T18:40:36.000+0200,2026-08-12T18:40:36.912+0200
37463564,269286,3,2026-08-12T18:39:03.000+0200,2026-08-12T18:39:03.957+0200
37463511,269286,2,2026-08-12T18:37:33.000+0200,2026-08-12T18:37:33.480+0200
37463443,269286,3,2026-08-12T18:35:47.000+0200,2026-08-12T18:35:47.282+0200
37463419,269286,2,2026-08-12T18:35:02.000+0200,2026-08-12T18:35:02.883+0200
37450023,30933,15,2026-08-12T15:20:42.000+0200,2026-08-12T13:20:42.711+0200
37449932,30933,13,2026-08-12T15:19:08.000+0200,2026-08-12T13:19:08.807+0200
37449645,364709,3,2026-08-12T13:13:58.910+0200,2026-08-12T13:13:59.044+0200
37449200,30933,12,2026-08-12T15:06:16.000+0200,2026-08-12T13:06:17.661+0200
37448835,30933,4,2026-08-12T14:58:56.000+0200,2026-08-12T12:58:56.341+0200
37448796,30933,4,2026-08-12T14:58:08.000+0200,2026-08-12T12:58:08.370+0200
37448678,30933,3,2026-08-12T14:55:10.000+0200,2026-08-12T12:55:11.438+0200
37448598,30933,12,2026-08-12T14:53:07.000+0200,2026-08-12T12:53:07.859+0200
37448563,30933,13,2026-08-12T14:52:23.000+0200,2026-08-12T12:52:23.761+0200
37448530,30933,2,2026-08-12T14:51:36.000+0200,2026-08-12T12:51:37.067+0200
37448457,30933,30,2026-08-12T14:50:12.000+0200,2026-08-12T12:50:12.231+0200
37448304,30933,3,2026-08-12T14:47:24.000+0200,2026-08-12T12:47:24.337+0200
37446289,397184,8,2026-08-12T14:05:49.000+0200,2026-08-12T12:05:50.164+0200
37446261,397184,2,2026-08-12T14:05:13.000+0200,2026-08-12T12:05:13.980+0200
37401182,309137,12,2026-08-11T14:46:34.077+0200,2026-08-11T14:46:36.836+0200
37400111,309137,1,2026-08-11T14:25:23.708+0200,2026-08-11T14:25:22.507+0200
37399719,309137,6,2026-08-11T14:16:50.982+0200,2026-08-11T14:16:49.778+0200
37398864,309137,22,2026-08-11T14:01:14.516+0200,2026-08-11T14:01:13.820+0200
37396739,364709,3,2026-08-11T13:19:09.851+0200,2026-08-11T13:19:10.516+0200
37396383,364709,12,2026-08-11T13:13:15.185+0200,2026-08-11T13:13:16.265+0200
37333795,30933,2,2026-08-10T12:59:44.000+0200,2026-08-10T10:59:44.327+0200
37333736,30933,2,2026-08-10T12:58:47.000+0200,2026-08-10T10:58:47.690+0200
37331968,30933,3,2026-08-10T12:35:27.000+0200,2026-08-10T10:35:27.506+0200
37331726,30933,2,2026-08-10T12:32:27.000+0200,2026-08-10T10:32:27.338+0200
37329840,269286,5,2026-08-10T10:08:05.000+0200,2026-08-10T10:08:05.204+0200
37329188,269286,6,2026-08-10T10:00:11.000+0200,2026-08-10T10:00:12.686+0200
37328818,269286,6,2026-08-10T09:55:18.000+0200,2026-08-10T09:55:19.020+0200
37328484,269286,2,2026-08-10T09:50:44.000+0200,2026-08-10T09:50:44.922+0200
37328284,269286,9,2026-08-10T09:48:11.000+0200,2026-08-10T09:48:12.001+0200
37328018,269286,2,2026-08-10T09:44:58.000+0200,2026-08-10T09:44:58.548+0200
37327919,269286,3,2026-08-10T09:43:44.000+0200,2026-08-10T09:43:44.819+0200
37327800,269286,2,2026-08-10T09:42:23.000+0200,2026-08-10T09:42:23.209+0200
37327634,269286,3,2026-08-10T09:40:25.000+0200,2026-08-10T09:40:25.318+0200
37327570,269286,2,2026-08-10T09:39:37.000+0200,2026-08-10T09:39:37.651+0200
37306771,13859,13,2026-08-09T19:38:16.000+0200,2026-08-09T19:38:17.805+0200
37306098,13859,4,2026-08-09T19:28:44.000+0200,2026-08-09T19:28:46.250+0200
37305876,13859,1,2026-08-09T19:25:35.000+0200,2026-08-09T19:25:36.740+0200
37304921,13859,6,2026-08-09T19:12:01.000+0200,2026-08-09T19:12:03.042+0200
37304474,13859,2,2026-08-09T19:05:20.000+0200,2026-08-09T19:05:21.857+0200
37304058,13859,9,2026-08-09T18:58:40.000+0200,2026-08-09T18:58:41.846+0200
37303723,13859,3,2026-08-09T18:52:48.000+0200,2026-08-09T18:52:50.218+0200
37301994,13859,32,2026-08-09T18:23:53.000+0200,2026-08-09T18:23:55.360+0200
37284960,364709,2,2026-08-09T13:22:54.981+0200,2026-08-09T13:22:55.140+0200
37270027,364709,3,2026-08-09T09:18:57.758+0200,2026-08-09T09:18:56.023+0200
37243965,269286,3,2026-08-08T17:55:36.000+0200,2026-08-08T17:55:36.481+0200
37243821,269286,9,2026-08-08T17:52:56.000+0200,2026-08-08T17:52:56.612+0200
37243587,269286,9,2026-08-08T17:48:06.000+0200,2026-08-08T17:48:06.496+0200
37243408,269286,3,2026-08-08T17:44:26.000+0200,2026-08-08T17:44:26.622+0200
37243273,269286,3,2026-08-08T17:41:44.000+0200,2026-08-08T17:41:44.604+0200
37243178,269286,6,2026-08-08T17:39:57.000+0200,2026-08-08T17:39:57.579+0200
37237711,27794,9,2026-08-08T17:41:18.000+0200,2026-08-08T15:41:18.631+0200
37237411,27794,8,2026-08-08T17:35:37.000+0200,2026-08-08T15:35:38.326+0200
37237154,27794,8,2026-08-08T17:30:22.000+0200,2026-08-08T15:30:22.907+0200
37236977,27794,2,2026-08-08T17:26:48.000+0200,2026-08-08T15:26:48.388+0200
37172218,269286,6,2026-08-07T11:50:17.000+0200,2026-08-07T11:50:18.170+0200
37171955,269286,9,2026-08-07T11:45:29.000+0200,2026-08-07T11:45:29.510+0200
37171609,269286,6,2026-08-07T11:39:25.000+0200,2026-08-07T11:39:25.487+0200
37171444,269286,6,2026-08-07T11:36:33.000+0200,2026-08-07T11:36:33.831+0200
37171224,269286,6,2026-08-07T11:33:05.000+0200,2026-08-07T11:33:05.835+0200
37170952,269286,9,2026-08-07T11:28:12.000+0200,2026-08-07T11:28:12.306+0200
37170734,269286,6,2026-08-07T11:24:34.000+0200,2026-08-07T11:24:35.038+0200
37170557,269286,5,2026-08-07T11:21:51.000+0200,2026-08-07T11:21:52.053+0200
37170371,269286,6,2026-08-07T11:18:58.000+0200,2026-08-07T11:18:58.374+0200
37170180,269286,3,2026-08-07T11:16:14.000+0200,2026-08-07T11:16:14.479+0200
37150549,269286,3,2026-08-06T20:06:43.000+0200,2026-08-06T20:06:43.833+0200
37150443,269286,9,2026-08-06T20:03:47.000+0200,2026-08-06T20:03:47.832+0200
37150236,269286,9,2026-08-06T19:58:59.000+0200,2026-08-06T19:59:00.789+0200
37150073,269286,3,2026-08-06T19:55:22.000+0200,2026-08-06T19:55:23.074+0200
37149998,269286,3,2026-08-06T19:53:18.000+0200,2026-08-06T19:53:18.335+0200
37149830,269286,6,2026-08-06T19:48:59.000+0200,2026-08-06T19:48:59.285+0200
37136954,309137,13,2026-08-06T11:25:26.223+0200,2026-08-06T11:25:24.524+0200
37136448,309137,13,2026-08-06T11:10:19.586+0200,2026-08-06T11:10:17.848+0200
37135978,309137,12,2026-08-06T10:55:55.500+0200,2026-08-06T10:55:53.964+0200
37121085,15625,3,2026-08-05T22:18:46.000+0200,2026-08-05T20:18:47.215+0200
37120984,15625,3,2026-08-05T22:16:45.000+0200,2026-08-05T20:16:46.040+0200
37120855,15625,5,2026-08-05T22:14:05.000+0200,2026-08-05T20:14:06.777+0200
37120712,15625,6,2026-08-05T22:11:04.000+0200,2026-08-05T20:11:04.639+0200
37120572,15625,2,2026-08-05T22:08:31.000+0200,2026-08-05T20:08:31.725+0200
37120430,15625,6,2026-08-05T22:06:00.000+0200,2026-08-05T20:06:00.603+0200
37120176,15625,9,2026-08-05T22:01:08.000+0200,2026-08-05T20:01:09.478+0200
37119961,15625,5,2026-08-05T21:56:42.000+0200,2026-08-05T19:56:42.724+0200
37119786,15625,6,2026-08-05T21:53:04.000+0200,2026-08-05T19:53:05.518+0200
37119596,15625,5,2026-08-05T21:49:14.000+0200,2026-08-05T19:49:15.433+0200
37119475,15625,3,2026-08-05T21:46:51.000+0200,2026-08-05T19:46:51.977+0200
37119343,15625,5,2026-08-05T21:44:20.000+0200,2026-08-05T19:44:21.330+0200
37119241,15625,2,2026-08-05T21:42:25.000+0200,2026-08-05T19:42:26.151+0200
37119203,15625,2,2026-08-05T21:41:39.000+0200,2026-08-05T19:41:39.809+0200
37086721,364709,3,2026-08-05T09:16:19.593+0200,2026-08-05T09:16:18.563+0200
37054437,309137,3,2026-08-04T15:34:43.126+0200,2026-08-04T15:34:41.314+0200
37053712,309137,6,2026-08-04T15:21:02.113+0200,2026-08-04T15:21:00.415+0200
37052943,309137,14,2026-08-04T15:06:40.582+0200,2026-08-04T15:06:39.120+0200
37052130,309137,17,2026-08-04T14:51:40.018+0200,2026-08-04T14:51:38.633+0200
37044700,269286,3,2026-08-04T12:41:03.000+0200,2026-08-04T12:41:04.052+0200
37044569,269286,9,2026-08-04T12:38:13.000+0200,2026-08-04T12:38:13.415+0200
37044206,269286,9,2026-08-04T12:30:38.000+0200,2026-08-04T12:30:38.902+0200
37044032,269286,3,2026-08-04T12:26:55.000+0200,2026-08-04T12:26:55.979+0200
37043938,269286,3,2026-08-04T12:24:45.000+0200,2026-08-04T12:24:46.154+0200
37043856,269286,6,2026-08-04T12:22:57.000+0200,2026-08-04T12:22:57.809+0200
37030512,364709,3,2026-08-04T09:06:27.862+0200,2026-08-04T09:06:26.720+0200
36990911,397184,9,2026-08-03T15:55:23.000+0200,2026-08-03T13:55:24.438+0200
36976506,364709,2,2026-08-03T10:19:18.047+0200,2026-08-03T10:19:17.619+0200
36976275,364709,3,2026-08-03T10:16:16.733+0200,2026-08-03T10:16:16.251+0200
36955493,269286,3,2026-08-02T20:17:21.000+0200,2026-08-02T20:17:22.085+0200
36955207,269286,9,2026-08-02T20:12:17.000+0200,2026-08-02T20:12:18.116+0200
36954936,269286,9,2026-08-02T20:07:58.000+0200,2026-08-02T20:07:58.599+0200
36954706,269286,3,2026-08-02T20:04:18.000+0200,2026-08-02T20:04:18.322+0200
36954567,269286,3,2026-08-02T20:02:08.000+0200,2026-08-02T20:02:08.925+0200
36954449,269286,6,2026-08-02T20:00:23.000+0200,2026-08-02T20:00:23.761+0200
36950712,13859,19,2026-08-02T19:07:01.000+0200,2026-08-02T19:07:01.950+0200
36949567,13859,15,2026-08-02T18:50:15.000+0200,2026-08-02T18:50:15.657+0200
36921891,7789,2,2026-08-02T11:00:32.000+0200,2026-08-02T11:00:32.315+0200
36790641,269286,6,2026-07-29T19:00:09.000+0100,2026-07-29T19:00:09.761+0100
36790400,269286,9,2026-07-29T18:53:59.000+0100,2026-07-29T18:53:59.385+0100
36790247,269286,6,2026-07-29T18:50:28.000+0100,2026-07-29T18:50:29.049+0100
36790119,269286,6,2026-07-29T18:47:30.000+0100,2026-07-29T18:47:30.826+0100
36789989,269286,6,2026-07-29T18:44:23.000+0100,2026-07-29T18:44:24.080+0100
36789693,269286,9,2026-07-29T18:37:13.000+0100,2026-07-29T18:37:14.013+0100
36789534,269286,6,2026-07-29T18:33:33.000+0100,2026-07-29T18:33:33.914+0100
36789433,269286,5,2026-07-29T18:30:55.000+0100,2026-07-29T18:30:55.576+0100
36789302,269286,6,2026-07-29T18:28:05.000+0100,2026-07-29T18:28:06.116+0100
36789202,269286,3,2026-07-29T18:25:45.000+0100,2026-07-29T18:25:45.657+0100
36739731,397184,9,2026-07-28T17:06:33.000+0100,2026-07-28T16:06:34.281+0100
36739689,397184,20,2026-07-28T17:05:53.000+0100,2026-07-28T16:05:53.914+0100
36739513,397184,2,,2026-07-28T16:02:02.286+0100
36738852,397184,2,2026-07-28T16:46:46.000+0100,2026-07-28T15:46:47.033+0100
36738837,397184,2,2026-07-28T16:46:23.000+0100,2026-07-28T15:46:24.580+0100
36738818,397184,2,2026-07-28T16:45:55.000+0100,2026-07-28T15:45:56.571+0100
36738802,397184,2,2026-07-28T16:45:39.000+0100,2026-07-28T15:45:40.056+0100
36738788,397184,2,2026-07-28T16:45:25.000+0100,2026-07-28T15:45:26.140+0100
36738763,397184,2,2026-07-28T16:45:01.000+0100,2026-07-28T15:45:02.286+0100
36738738,397184,2,2026-07-28T16:44:40.000+0100,2026-07-28T15:44:41.511+0100
36738586,397184,2,2026-07-28T16:42:03.000+0100,2026-07-28T15:42:03.844+0100
36738565,397184,2,2026-07-28T16:41:44.000+0100,2026-07-28T15:41:45.511+0100
36738553,397184,2,2026-07-28T16:41:28.000+0100,2026-07-28T15:41:28.975+0100
36738535,397184,2,2026-07-28T16:41:01.000+0100,2026-07-28T15:41:02.345+0100
36738518,397184,2,2026-07-28T16:40:45.000+0100,2026-07-28T15:40:46.509+0100
36738506,397184,2,2026-07-28T16:40:34.000+0100,2026-07-28T15:40:35.234+0100
36738494,397184,2,2026-07-28T16:40:15.000+0100,2026-07-28T15:40:16.283+0100
36738196,397184,2,2026-07-28T16:34:02.000+0100,2026-07-28T15:34:03.501+0100
36738181,397184,2,2026-07-28T16:33:50.000+0100,2026-07-28T15:33:51.304+0100
36725818,309137,3,2026-07-28T11:37:42.227+0100,2026-07-28T11:37:41.842+0100
36725558,309137,8,2026-07-28T11:34:07.012+0100,2026-07-28T11:34:06.680+0100
36725367,309137,6,2026-07-28T11:31:07.192+0100,2026-07-28T11:31:06.802+0100
36724923,309137,5,2026-07-28T11:24:01.253+0100,2026-07-28T11:24:00.902+0100
36724641,309137,5,2026-07-28T11:19:19.418+0100,2026-07-28T11:19:19.019+0100
36724383,309137,14,2026-07-28T11:15:20.762+0100,2026-07-28T11:15:20.419+0100
36723991,309137,6,2026-07-28T11:10:09.526+0100,2026-07-28T11:10:09.101+0100
36723805,309137,6,2026-07-28T11:07:36.113+0100,2026-07-28T11:07:36.057+0100
36723554,309137,9,2026-07-28T11:04:00.336+0100,2026-07-28T11:03:59.947+0100
36723236,309137,2,2026-07-28T10:58:17.763+0100,2026-07-28T10:58:17.381+0100
36710798,7789,2,2026-07-28T07:56:01.000+0100,2026-07-28T07:56:01.721+0100
36689987,269286,6,2026-07-27T17:24:18.000+0100,2026-07-27T17:24:18.348+0100
36689773,269286,9,2026-07-27T17:20:46.000+0100,2026-07-27T17:20:47.135+0100
36689548,269286,6,2026-07-27T17:17:12.000+0100,2026-07-27T17:17:12.709+0100
36689364,269286,6,2026-07-27T17:14:20.000+0100,2026-07-27T17:14:22.045+0100
36689140,269286,6,2026-07-27T17:10:47.000+0100,2026-07-27T17:10:47.962+0100
36688897,269286,9,2026-07-27T17:06:45.000+0100,2026-07-27T17:06:45.774+0100
36688679,269286,6,2026-07-27T17:02:42.000+0100,2026-07-27T17:02:42.373+0100
36688540,269286,5,2026-07-27T17:00:03.000+0100,2026-07-27T17:00:04.046+0100
36688393,269286,6,2026-07-27T16:57:10.000+0100,2026-07-27T16:57:11.140+0100
36688243,269286,3,2026-07-27T16:54:37.000+0100,2026-07-27T16:54:37.304+0100
36649270,269286,3,2026-07-26T21:30:32.000+0100,2026-07-26T21:30:32.795+0100
36648932,269286,9,2026-07-26T21:22:01.000+0100,2026-07-26T21:22:01.499+0100
36648762,269286,9,2026-07-26T21:18:11.000+0100,2026-07-26T21:18:11.844+0100
36648581,269286,3,2026-07-26T21:14:07.000+0100,2026-07-26T21:14:07.934+0100
36648481,269286,3,2026-07-26T21:11:54.000+0100,2026-07-26T21:11:55.129+0100
36648392,269286,6,2026-07-26T21:09:56.000+0100,2026-07-26T21:09:56.168+0100
36621704,7789,9,2026-07-26T12:44:16.000+0100,2026-07-26T12:44:16.604+0100
36584229,269286,3,2026-07-25T18:04:08.000+0100,2026-07-25T18:04:08.126+0100
36584038,269286,9,2026-07-25T18:00:57.000+0100,2026-07-25T18:00:58.146+0100
36583803,269286,9,2026-07-25T17:57:04.000+0100,2026-07-25T17:57:05.034+0100
36583584,269286,3,2026-07-25T17:53:22.000+0100,2026-07-25T17:53:22.913+0100
36583457,269286,3,2026-07-25T17:51:14.000+0100,2026-07-25T17:51:15.125+0100
36583366,269286,6,2026-07-25T17:49:32.000+0100,2026-07-25T17:49:32.463+0100
36577548,397184,3,2026-07-25T16:54:08.000+0100,2026-07-25T15:54:09.145+0100
36577322,397184,5,2026-07-25T16:49:37.000+0100,2026-07-25T15:49:38.349+0100
36577114,397184,6,2026-07-25T16:45:59.000+0100,2026-07-25T15:46:00.480+0100
36576757,397184,12,2026-07-25T16:39:19.000+0100,2026-07-25T15:39:20.655+0100
36576346,397184,3,2026-07-25T16:31:07.000+0100,2026-07-25T15:31:07.895+0100
36508809,309137,3,2026-07-24T12:24:56.460+0100,2026-07-24T12:24:54.959+0100
36508645,309137,5,2026-07-24T12:21:58.702+0100,2026-07-24T12:21:57.188+0100
36508457,309137,3,2026-07-24T12:18:42.955+0100,2026-07-24T12:18:41.850+0100
36508158,309137,5,2026-07-24T12:13:49.459+0100,2026-07-24T12:13:47.967+0100
36507977,309137,5,2026-07-24T12:11:03.387+0100,2026-07-24T12:11:01.890+0100
36507838,309137,5,2026-07-24T12:08:49.217+0100,2026-07-24T12:08:47.736+0100
36507686,309137,6,2026-07-24T12:06:20.937+0100,2026-07-24T12:06:19.433+0100
36507275,309137,5,2026-07-24T12:00:10.819+0100,2026-07-24T12:00:09.308+0100
36507161,269286,6,2026-07-24T11:58:18.000+0100,2026-07-24T11:58:18.468+0100
36506981,309137,5,2026-07-24T11:55:47.012+0100,2026-07-24T11:55:45.482+0100
36506907,269286,9,2026-07-24T11:54:46.000+0100,2026-07-24T11:54:46.582+0100
36506678,309137,11,2026-07-24T11:51:19.108+0100,2026-07-24T11:51:17.608+0100
36506669,269286,6,2026-07-24T11:51:09.000+0100,2026-07-24T11:51:10.108+0100
36506477,269286,6,2026-07-24T11:48:17.000+0100,2026-07-24T11:48:18.095+0100
36506381,309137,3,2026-07-24T11:46:45.859+0100,2026-07-24T11:46:44.359+0100
36506287,269286,6,2026-07-24T11:45:14.000+0100,2026-07-24T11:45:14.692+0100
36506021,269286,9,2026-07-24T11:41:21.000+0100,2026-07-24T11:41:21.964+0100
36505758,269286,6,2026-07-24T11:37:43.000+0100,2026-07-24T11:37:43.690+0100
36505566,269286,5,2026-07-24T11:35:04.000+0100,2026-07-24T11:35:05.104+0100
36505344,269286,6,2026-07-24T11:32:05.000+0100,2026-07-24T11:32:06.064+0100
36505191,269286,3,2026-07-24T11:29:57.000+0100,2026-07-24T11:29:57.500+0100
36484605,15625,3,2026-07-23T20:17:27.019+0100,2026-07-23T20:17:28.262+0100
36484504,15625,3,2026-07-23T20:14:33.564+0100,2026-07-23T20:14:34.339+0100
36484407,15625,5,2026-07-23T20:12:11.312+0100,2026-07-23T20:12:12.107+0100
36484317,15625,6,2026-07-23T20:09:36.667+0100,2026-07-23T20:09:37.473+0100
36484249,15625,2,2026-07-23T20:07:36.293+0100,2026-07-23T20:07:37.072+0100
36484181,15625,6,2026-07-23T20:05:37.770+0100,2026-07-23T20:05:38.544+0100
36484052,15625,9,2026-07-23T20:02:06.208+0100,2026-07-23T20:02:07.013+0100
36483909,15625,5,2026-07-23T19:58:39.411+0100,2026-07-23T19:58:40.196+0100
36483793,15625,6,2026-07-23T19:55:52.537+0100,2026-07-23T19:55:53.794+0100
36483685,15625,5,2026-07-23T19:53:12.261+0100,2026-07-23T19:53:13.047+0100
36483574,15625,3,2026-07-23T19:50:55.778+0100,2026-07-23T19:50:56.539+0100
36483492,15625,5,2026-07-23T19:48:59.309+0100,2026-07-23T19:49:00.088+0100
36483418,15625,2,2026-07-23T19:47:36.321+0100,2026-07-23T19:47:37.116+0100
36483382,15625,2,2026-07-23T19:46:37.277+0100,2026-07-23T19:46:38.189+0100
36480223,269286,3,2026-07-23T18:29:59.000+0100,2026-07-23T18:29:59.401+0100
36480063,269286,9,2026-07-23T18:26:46.000+0100,2026-07-23T18:26:47.948+0100
36479360,269286,9,2026-07-23T18:12:51.000+0100,2026-07-23T18:12:51.611+0100
36479177,269286,3,2026-07-23T18:09:09.000+0100,2026-07-23T18:09:09.350+0100
36479087,269286,3,2026-07-23T18:07:04.000+0100,2026-07-23T18:07:04.330+0100
36479000,269286,6,2026-07-23T18:05:16.000+0100,2026-07-23T18:05:16.569+0100
36440182,269286,6,2026-07-22T18:08:40.000+0100,2026-07-22T18:08:40.336+0100
36439992,269286,9,2026-07-22T18:05:07.000+0100,2026-07-22T18:05:07.344+0100
36439599,269286,6,2026-07-22T17:57:42.000+0100,2026-07-22T17:57:42.438+0100
36439459,269286,6,2026-07-22T17:54:43.000+0100,2026-07-22T17:54:43.162+0100
36439319,269286,6,2026-07-22T17:51:37.000+0100,2026-07-22T17:51:38.022+0100
36439138,269286,9,2026-07-22T17:47:38.000+0100,2026-07-22T17:47:38.660+0100
36438934,269286,6,2026-07-22T17:43:58.000+0100,2026-07-22T17:43:58.949+0100
36438806,269286,5,2026-07-22T17:41:14.000+0100,2026-07-22T17:41:14.103+0100
36438676,269286,6,2026-07-22T17:38:25.000+0100,2026-07-22T17:38:25.925+0100
36438553,269286,3,2026-07-22T17:35:51.000+0100,2026-07-22T17:35:51.651+0100
36422127,309137,2,2026-07-22T12:06:41.971+0100,2026-07-22T12:06:41.319+0100
36421987,309137,5,2026-07-22T12:04:12.950+0100,2026-07-22T12:04:12.623+0100
36421804,309137,3,2026-07-22T12:00:41.920+0100,2026-07-22T12:00:41.311+0100
36421612,309137,3,2026-07-22T11:57:12.528+0100,2026-07-22T11:57:11.879+0100
36421433,309137,5,2026-07-22T11:53:40.971+0100,2026-07-22T11:53:40.822+0100
36421207,309137,3,2026-07-22T11:49:49.538+0100,2026-07-22T11:49:48.873+0100
36420781,309137,5,2026-07-22T11:43:00.714+0100,2026-07-22T11:43:00.453+0100
36420589,309137,5,2026-07-22T11:40:06.766+0100,2026-07-22T11:40:06.095+0100
36420447,309137,5,2026-07-22T11:38:22.080+0100,2026-07-22T11:38:21.411+0100
36420248,309137,6,2026-07-22T11:35:11.153+0100,2026-07-22T11:35:10.467+0100
36420112,309137,5,2026-07-22T11:32:42.737+0100,2026-07-22T11:32:42.543+0100
36419969,309137,5,2026-07-22T11:30:19.789+0100,2026-07-22T11:30:19.096+0100
36419741,309137,11,2026-07-22T11:26:34.869+0100,2026-07-22T11:26:34.191+0100
36419512,309137,3,2026-07-22T11:22:42.329+0100,2026-07-22T11:22:41.679+0100
36410298,364709,3,2026-07-22T09:13:24.418+0100,2026-07-22T09:13:25.168+0100
36397688,269286,3,2026-07-21T21:09:54.000+0100,2026-07-21T21:09:54.563+0100
36397550,269286,9,2026-07-21T21:06:55.000+0100,2026-07-21T21:06:56.282+0100
36397307,269286,9,2026-07-21T21:01:18.000+0100,2026-07-21T21:01:19.559+0100
36397111,269286,3,2026-07-21T20:57:10.000+0100,2026-07-21T20:57:11.241+0100
36396968,269286,3,2026-07-21T20:54:12.000+0100,2026-07-21T20:54:12.714+0100
36396889,269286,6,2026-07-21T20:52:26.000+0100,2026-07-21T20:52:26.244+0100
36373419,364709,2,2026-07-21T13:28:05.882+0100,2026-07-21T13:28:06.733+0100
36359908,364709,3,2026-07-21T09:45:15.369+0100,2026-07-21T09:45:15.618+0100
36351551,364709,2,2026-07-21T07:37:17.493+0100,2026-07-21T07:36:28.268+0100
36351475,364709,3,2026-07-21T07:35:36.783+0100,2026-07-21T07:34:47.593+0100
36347339,15625,15,2026-07-20T23:04:39.000+0100,2026-07-20T23:04:40.617+0100
36347334,15625,19,2026-07-20T23:04:06.000+0100,2026-07-20T23:04:07.253+0100
36347326,15625,15,2026-07-20T23:03:32.000+0100,2026-07-20T23:03:33.123+0100
36347305,15625,3,2026-07-20T23:01:54.000+0100,2026-07-20T23:01:55.656+0100
36347285,15625,3,2026-07-20T22:59:46.000+0100,2026-07-20T22:59:47.406+0100
36347273,15625,3,2026-07-20T22:58:17.000+0100,2026-07-20T22:58:17.914+0100
36347251,15625,5,2026-07-20T22:55:38.000+0100,2026-07-20T22:55:39.149+0100
36347224,15625,6,2026-07-20T22:53:27.000+0100,2026-07-20T22:53:28.093+0100
36347195,15625,2,2026-07-20T22:51:34.000+0100,2026-07-20T22:51:35.225+0100
36347169,15625,6,2026-07-20T22:49:39.000+0100,2026-07-20T22:49:40.408+0100
36347122,15625,9,2026-07-20T22:46:16.000+0100,2026-07-20T22:46:17.668+0100
36347080,15625,5,2026-07-20T22:43:08.000+0100,2026-07-20T22:43:08.835+0100
36347038,15625,6,2026-07-20T22:40:37.000+0100,2026-07-20T22:40:38.817+0100
36346997,15625,5,2026-07-20T22:37:41.000+0100,2026-07-20T22:37:41.998+0100
36346968,15625,3,2026-07-20T22:36:04.000+0100,2026-07-20T22:36:04.947+0100
36346936,15625,5,2026-07-20T22:34:18.000+0100,2026-07-20T22:34:19.502+0100
36346919,15625,2,2026-07-20T22:32:49.000+0100,2026-07-20T22:32:50.210+0100
36346906,15625,2,2026-07-20T22:32:00.000+0100,2026-07-20T22:32:01.482+0100
36302263,364709,3,2026-07-20T08:47:19.221+0100,2026-07-20T08:47:20.452+0100
36285782,269286,3,2026-07-19T19:40:53.000+0100,2026-07-19T19:40:53.750+0100
36285574,269286,9,2026-07-19T19:38:01.000+0100,2026-07-19T19:38:01.420+0100
36285306,269286,9,2026-07-19T19:34:10.000+0100,2026-07-19T19:34:11.128+0100
36285050,269286,3,2026-07-19T19:30:29.000+0100,2026-07-19T19:30:29.598+0100
36284880,269286,3,2026-07-19T19:28:22.000+0100,2026-07-19T19:28:22.570+0100
36284610,269286,6,2026-07-19T19:24:36.000+0100,2026-07-19T19:24:36.717+0100
36232810,13859,5,2026-07-18T20:20:21.000+0100,2026-07-18T20:20:21.358+0100
36232560,13859,3,2026-07-18T20:16:14.000+0100,2026-07-18T20:16:14.310+0100
36232090,13859,13,2026-07-18T20:08:31.000+0100,2026-07-18T20:08:31.276+0100
36179748,30933,3,2026-07-17T23:45:21.000+0100,2026-07-17T23:45:21.321+0100
36179729,30933,3,2026-07-17T23:43:54.000+0100,2026-07-17T23:43:54.394+0100
36179715,30933,3,2026-07-17T23:42:23.000+0100,2026-07-17T23:42:23.881+0100
36179687,30933,2,2026-07-17T23:40:34.000+0100,2026-07-17T23:40:34.494+0100
36179582,30933,9,2026-07-17T23:32:24.000+0100,2026-07-17T23:32:25.377+0100
36170364,30933,2,2026-07-17T19:31:29.000+0100,2026-07-17T19:31:29.987+0100
36170247,30933,5,2026-07-17T19:29:48.000+0100,2026-07-17T19:29:48.829+0100
36169952,30933,5,2026-07-17T19:25:59.000+0100,2026-07-17T19:25:59.430+0100
36169666,30933,6,2026-07-17T19:22:17.000+0100,2026-07-17T19:22:18.615+0100
36156056,309137,3,2026-07-17T15:23:16.210+0100,2026-07-17T15:23:15.167+0100
36155929,309137,6,2026-07-17T15:20:10.057+0100,2026-07-17T15:20:08.678+0100
36155796,309137,6,2026-07-17T15:16:09.791+0100,2026-07-17T15:16:08.349+0100
36155701,309137,5,2026-07-17T15:13:05.715+0100,2026-07-17T15:13:05.579+0100
36155588,309137,6,2026-07-17T15:09:34.305+0100,2026-07-17T15:09:32.885+0100
36155465,309137,8,2026-07-17T15:06:28.854+0100,2026-07-17T15:06:28.226+0100
36155358,309137,6,2026-07-17T15:03:32.477+0100,2026-07-17T15:03:31.044+0100
36155266,309137,6,2026-07-17T15:00:53.608+0100,2026-07-17T15:00:52.206+0100
36155132,309137,8,2026-07-17T14:57:13.079+0100,2026-07-17T14:57:11.681+0100
36155014,309137,6,2026-07-17T14:53:55.636+0100,2026-07-17T14:53:54.535+0100
36154951,309137,2,2026-07-17T14:52:05.215+0100,2026-07-17T14:52:06.527+0100
36152009,269286,6,2026-07-17T13:35:54.000+0100,2026-07-17T13:35:54.760+0100
36151881,269286,9,2026-07-17T13:32:24.000+0100,2026-07-17T13:32:24.333+0100
36151709,269286,6,2026-07-17T13:27:23.000+0100,2026-07-17T13:27:24.406+0100
36151096,269286,6,2026-07-17T13:10:01.000+0100,2026-07-17T13:10:01.896+0100
36150684,269286,6,2026-07-17T12:59:29.000+0100,2026-07-17T12:59:29.445+0100
36150523,269286,9,2026-07-17T12:55:21.000+0100,2026-07-17T12:55:22.021+0100
36150385,269286,6,2026-07-17T12:51:44.000+0100,2026-07-17T12:51:44.804+0100
36150264,269286,5,2026-07-17T12:48:58.000+0100,2026-07-17T12:48:58.954+0100
36150152,269286,6,2026-07-17T12:46:08.000+0100,2026-07-17T12:46:08.627+0100
36149953,269286,3,2026-07-17T12:41:31.000+0100,2026-07-17T12:41:31.441+0100
36133625,30933,6,2026-07-17T07:40:10.000+0100,2026-07-17T07:40:11.194+0100
36133442,30933,6,2026-07-17T07:33:15.000+0100,2026-07-17T07:33:16.747+0100
36132862,30933,2,2026-07-17T07:06:42.000+0100,2026-07-17T07:06:42.339+0100
36132847,30933,2,2026-07-17T07:05:34.000+0100,2026-07-17T07:05:34.163+0100
36132827,30933,3,2026-07-17T07:04:38.000+0100,2026-07-17T07:04:39.222+0100
36132443,30933,2,2026-07-17T06:37:08.000+0100,2026-07-17T06:37:08.423+0100
36082199,269286,6,2026-07-15T17:32:57.000+0100,2026-07-15T17:32:58.254+0100
36082037,269286,9,2026-07-15T17:29:23.000+0100,2026-07-15T17:29:23.608+0100
36081874,269286,6,2026-07-15T17:25:54.000+0100,2026-07-15T17:25:54.486+0100
36081736,269286,6,2026-07-15T17:22:54.000+0100,2026-07-15T17:22:55.204+0100
36081463,269286,6,2026-07-15T17:17:38.000+0100,2026-07-15T17:17:38.977+0100
36081239,269286,9,2026-07-15T17:13:13.000+0100,2026-07-15T17:13:13.656+0100
36081046,269286,6,2026-07-15T17:09:33.000+0100,2026-07-15T17:09:33.626+0100
36080894,269286,5,2026-07-15T17:06:08.000+0100,2026-07-15T17:06:08.448+0100
36080777,269286,6,2026-07-15T17:03:19.000+0100,2026-07-15T17:03:19.492+0100
36080670,269286,3,2026-07-15T17:01:14.000+0100,2026-07-15T17:01:14.489+0100
36057522,364709,3,2026-07-15T10:10:10.515+0100,2026-07-15T10:10:10.466+0100
36025096,375235,6,2026-07-14T17:05:01.000+0100,2026-07-14T16:05:02.034+0100
36024987,375235,3,2026-07-14T17:02:21.000+0100,2026-07-14T16:02:21.583+0100
36014307,309137,5,2026-07-14T12:12:04.695+0100,2026-07-14T12:12:04.949+0100
36013993,309137,6,2026-07-14T12:06:13.558+0100,2026-07-14T12:06:13.723+0100
36013496,309137,13,2026-07-14T11:55:17.690+0100,2026-07-14T11:55:17.896+0100
36013095,309137,4,2026-07-14T11:47:04.115+0100,2026-07-14T11:47:04.289+0100
36012740,309137,3,2026-07-14T11:40:57.250+0100,2026-07-14T11:40:57.356+0100
36012536,309137,6,2026-07-14T11:37:30.919+0100,2026-07-14T11:37:31.049+0100
36012315,309137,6,2026-07-14T11:34:02.407+0100,2026-07-14T11:34:02.909+0100
36012059,309137,5,2026-07-14T11:30:02.919+0100,2026-07-14T11:30:03.053+0100
36011859,309137,6,2026-07-14T11:26:12.739+0100,2026-07-14T11:26:12.876+0100
36011680,309137,8,2026-07-14T11:23:18.491+0100,2026-07-14T11:23:18.996+0100
36011282,309137,6,2026-07-14T11:17:39.145+0100,2026-07-14T11:17:39.538+0100
36011062,309137,6,2026-07-14T11:14:14.898+0100,2026-07-14T11:14:14.978+0100
36010757,309137,8,2026-07-14T11:09:58.119+0100,2026-07-14T11:09:58.255+0100
36010414,309137,6,2026-07-14T11:05:24.532+0100,2026-07-14T11:05:24.634+0100
36010274,309137,2,2026-07-14T11:03:34.971+0100,2026-07-14T11:03:35.108+0100
36009939,364709,2,2026-07-14T10:59:05.243+0100,2026-07-14T10:58:17.369+0100
36002954,364709,3,2026-07-14T09:16:50.687+0100,2026-07-14T09:16:46.244+0100
36002397,437604,8,2026-07-14T10:08:38.000+0100,2026-07-14T09:08:38.739+0100
36001937,437604,11,2026-07-14T10:01:56.000+0100,2026-07-14T09:01:56.384+0100
36001096,437604,3,2026-07-14T09:48:23.000+0100,2026-07-14T08:48:23.898+0100
35999950,375235,3,2026-07-14T09:33:41.000+0100,2026-07-14T08:33:41.446+0100
35958550,437604,2,2026-07-13T12:45:17.000+0100,2026-07-13T11:45:17.504+0100
35958444,437604,2,2026-07-13T12:43:53.000+0100,2026-07-13T11:43:53.875+0100
35958287,437604,3,2026-07-13T12:41:52.000+0100,2026-07-13T11:41:52.108+0100
35958103,437604,3,2026-07-13T12:39:28.000+0100,2026-07-13T11:39:28.679+0100
35957901,437604,3,2026-07-13T12:36:45.000+0100,2026-07-13T11:36:45.630+0100
35916023,437604,3,2026-07-12T16:55:44.000+0100,2026-07-12T15:55:45.064+0100
35894094,364709,3,2026-07-12T09:45:14.697+0100,2026-07-12T09:45:17.096+0100
35870504,340391,1,2026-07-11T12:01:26.000+0100,2026-07-11T19:01:26.640+0100
35862078,340391,23,2026-07-12T01:00:10.000+0100,2026-07-11T17:00:10.911+0100
35862077,340391,23,2026-07-12T01:00:10.000+0100,2026-07-11T17:00:10.909+0100
35858600,437604,3,2026-07-11T16:58:29.000+0100,2026-07-11T15:58:29.773+0100
35787601,13859,3,2026-07-10T11:30:09.000+0100,2026-07-10T11:30:10.030+0100
35711127,309137,5,2026-07-08T11:01:09.626+0100,2026-07-08T11:01:08.816+0100
35710941,309137,6,2026-07-08T10:58:30.123+0100,2026-07-08T10:58:29.301+0100
35710725,309137,3,2026-07-08T10:55:19.278+0100,2026-07-08T10:55:18.453+0100
35710568,309137,6,2026-07-08T10:52:49.510+0100,2026-07-08T10:52:48.704+0100
35710328,309137,6,2026-07-08T10:49:54.396+0100,2026-07-08T10:49:53.555+0100
35710123,309137,5,2026-07-08T10:47:11.510+0100,2026-07-08T10:47:10.674+0100
35709861,309137,9,2026-07-08T10:44:04.898+0100,2026-07-08T10:44:04.067+0100
35709771,364709,2,2026-07-08T10:43:53.008+0100,2026-07-08T10:43:05.385+0100
35709579,309137,3,2026-07-08T10:40:43.315+0100,2026-07-08T10:40:42.654+0100
35709465,309137,3,2026-07-08T10:39:21.395+0100,2026-07-08T10:39:20.571+0100
35709227,309137,9,2026-07-08T10:36:20.917+0100,2026-07-08T10:36:20.070+0100
35708976,309137,6,2026-07-08T10:33:02.297+0100,2026-07-08T10:33:01.483+0100
35708741,309137,5,2026-07-08T10:29:55.164+0100,2026-07-08T10:29:54.352+0100
35693721,30933,3,2026-07-07T21:56:58.000+0100,2026-07-07T21:56:58.426+0100
35693681,30933,3,2026-07-07T21:55:15.000+0100,2026-07-07T21:55:15.218+0100
35692092,30933,3,2026-07-07T21:02:41.000+0100,2026-07-07T21:02:41.678+0100
35692004,30933,2,2026-07-07T21:00:30.000+0100,2026-07-07T21:00:30.229+0100
35691598,30933,9,2026-07-07T20:50:14.000+0100,2026-07-07T20:50:14.767+0100
35691300,30933,2,2026-07-07T20:42:13.000+0100,2026-07-07T20:42:14.355+0100
35691204,30933,5,2026-07-07T20:40:04.000+0100,2026-07-07T20:40:04.607+0100
35691066,30933,5,2026-07-07T20:36:42.000+0100,2026-07-07T20:36:42.111+0100
35690951,30933,6,2026-07-07T20:33:37.000+0100,2026-07-07T20:33:37.934+0100
35690602,30933,6,2026-07-07T20:25:21.000+0100,2026-07-07T20:25:21.471+0100
35690449,30933,6,2026-07-07T20:21:59.000+0100,2026-07-07T20:21:59.504+0100
35690315,30933,2,2026-07-07T20:19:10.000+0100,2026-07-07T20:19:10.146+0100
35684712,30933,2,2026-07-07T18:44:15.000+0100,2026-07-07T18:44:15.691+0100
35684548,30933,3,2026-07-07T18:41:20.000+0100,2026-07-07T18:41:20.557+0100
35684389,30933,2,2026-07-07T18:38:48.000+0100,2026-07-07T18:38:48.356+0100
35663039,437604,2,2026-07-07T12:49:26.000+0100,2026-07-07T11:49:27.250+0100
35662842,437604,2,2026-07-07T12:45:48.000+0100,2026-07-07T11:45:48.749+0100
35655423,7789,2,2026-07-07T09:54:12.000+0100,2026-07-07T09:54:12.237+0100
35655403,7789,2,,2026-07-07T09:53:57.702+0100
35652773,364709,3,2026-07-07T09:16:47.015+0100,2026-07-07T09:16:49.424+0100
35613778,299423,3,2026-07-06T13:17:03.000+0100,2026-07-06T13:17:03.013+0100
35612713,299423,5,2026-07-06T12:56:41.000+0100,2026-07-06T12:56:40.570+0100
35612554,299423,6,2026-07-06T12:52:41.000+0100,2026-07-06T12:52:41.032+0100
35611929,299423,3,2026-07-06T12:39:26.000+0100,2026-07-06T12:39:25.895+0100
35611606,299423,6,2026-07-06T12:33:52.000+0100,2026-07-06T12:33:51.504+0100
35611203,299423,15,2026-07-06T12:26:23.000+0100,2026-07-06T12:26:23.187+0100
35610946,299423,6,2026-07-06T12:20:41.000+0100,2026-07-06T12:20:41.066+0100
35610742,299423,6,2026-07-06T12:16:36.000+0100,2026-07-06T12:16:35.934+0100
35610565,299423,6,2026-07-06T12:12:48.000+0100,2026-07-06T12:12:47.864+0100
35610400,299423,5,2026-07-06T12:09:34.000+0100,2026-07-06T12:09:33.743+0100
35610283,299423,2,2026-07-06T12:07:27.000+0100,2026-07-06T12:07:27.176+0100
35610217,299423,2,2026-07-06T12:06:07.000+0100,2026-07-06T12:06:06.978+0100
35598571,364709,3,2026-07-06T09:18:44.252+0100,2026-07-06T09:18:45.030+0100
35562427,397184,9,2026-07-05T14:05:21.000+0100,2026-07-05T14:05:21.786+0100
35561738,397184,12,2026-07-05T13:51:25.000+0100,2026-07-05T13:51:26.968+0100
35552024,7789,12,2026-07-05T10:56:34.000+0100,2026-07-05T10:56:34.546+0100
35551943,7789,12,2026-07-05T10:55:16.000+0100,2026-07-05T10:55:17.015+0100
35551606,7789,3,2026-07-05T11:49:49.000+0100,2026-07-05T10:49:49.498+0100
35551510,7789,2,2026-07-05T11:48:27.000+0100,2026-07-05T10:48:27.489+0100
35551440,7789,2,2026-07-05T11:47:31.000+0100,2026-07-05T10:47:31.927+0100
35548810,364709,3,2026-07-05T10:14:33.182+0100,2026-07-05T10:14:33.045+0100
35547136,364709,5,2026-07-05T09:52:17.558+0100,2026-07-05T09:52:18.792+0100
35534231,269286,3,2026-07-04T21:53:07.000+0100,2026-07-04T21:53:07.299+0100
35534175,269286,9,2026-07-04T21:50:22.000+0100,2026-07-04T21:50:22.925+0100
35534081,269286,9,2026-07-04T21:46:08.000+0100,2026-07-04T21:46:08.996+0100
35533990,269286,3,2026-07-04T21:42:24.000+0100,2026-07-04T21:42:24.990+0100
35533932,269286,3,2026-07-04T21:40:11.000+0100,2026-07-04T21:40:11.765+0100
35533886,269286,6,2026-07-04T21:38:19.000+0100,2026-07-04T21:38:19.380+0100
35480851,340391,3,2026-07-04T09:42:15.000+0100,2026-07-04T01:42:16.379+0100
35472725,269286,6,2026-07-03T19:54:34.000+0100,2026-07-03T19:54:34.815+0100
35472488,269286,9,2026-07-03T19:50:46.000+0100,2026-07-03T19:50:46.627+0100
35472246,269286,6,2026-07-03T19:47:04.000+0100,2026-07-03T19:47:05.071+0100
35472041,269286,6,2026-07-03T19:44:02.000+0100,2026-07-03T19:44:03.588+0100
35471815,269286,6,2026-07-03T19:40:52.000+0100,2026-07-03T19:40:52.689+0100
35471556,269286,9,2026-07-03T19:37:00.000+0100,2026-07-03T19:37:00.880+0100
35471258,269286,6,2026-07-03T19:32:22.000+0100,2026-07-03T19:32:22.927+0100
35471100,269286,5,2026-07-03T19:29:34.000+0100,2026-07-03T19:29:34.235+0100
35470944,269286,6,2026-07-03T19:26:43.000+0100,2026-07-03T19:26:44.171+0100
35470738,269286,3,2026-07-03T19:23:45.000+0100,2026-07-03T19:23:45.660+0100
35454863,13859,3,2026-07-03T13:39:32.000+0100,2026-07-03T13:39:32.759+0100
35454583,13859,4,2026-07-03T13:32:12.000+0100,2026-07-03T13:32:12.712+0100
35437158,13859,2,2026-07-03T07:56:43.000+0100,2026-07-03T07:56:43.670+0100
35437022,13859,7,2026-07-03T07:52:10.000+0100,2026-07-03T07:52:10.214+0100
35436658,13859,20,2026-07-03T07:38:44.000+0100,2026-07-03T07:38:45.385+0100
35429899,269286,3,2026-07-02T19:47:04.000+0100,2026-07-02T19:47:04.840+0100
35429752,269286,9,2026-07-02T19:44:10.000+0100,2026-07-02T19:44:10.963+0100
35429568,269286,9,2026-07-02T19:40:20.000+0100,2026-07-02T19:40:20.561+0100
35429409,269286,3,2026-07-02T19:36:38.000+0100,2026-07-02T19:36:38.562+0100
35429319,269286,3,2026-07-02T19:34:23.000+0100,2026-07-02T19:34:23.302+0100
35429226,269286,6,2026-07-02T19:32:39.000+0100,2026-07-02T19:32:39.586+0100
35393023,269286,6,2026-07-01T18:34:03.000+0100,2026-07-01T18:34:03.790+0100
35392866,269286,9,2026-07-01T18:30:26.000+0100,2026-07-01T18:30:26.276+0100
35392691,269286,6,2026-07-01T18:26:38.000+0100,2026-07-01T18:26:38.754+0100
35392552,269286,6,2026-07-01T18:23:46.000+0100,2026-07-01T18:23:47.184+0100
35392321,269286,6,2026-07-01T18:18:18.000+0100,2026-07-01T18:18:18.680+0100
35392157,269286,9,2026-07-01T18:14:26.000+0100,2026-07-01T18:14:26.359+0100
35392018,269286,6,2026-07-01T18:10:44.000+0100,2026-07-01T18:10:44.758+0100
35391898,269286,5,2026-07-01T18:07:36.000+0100,2026-07-01T18:07:36.668+0100
35391764,269286,6,2026-07-01T18:04:15.000+0100,2026-07-01T18:04:15.433+0100
35391630,269286,3,2026-07-01T18:01:12.000+0100,2026-07-01T18:01:12.893+0100
35387451,2227,2,2026-07-01T16:26:34.000+0100,2026-07-01T16:26:34.801+0100
35387417,2227,3,2026-07-01T16:25:47.000+0100,2026-07-01T16:25:47.889+0100
